所在地,都道府県,市区町村,緯度,経度,名称,最寄り1,バス1,最寄りバス停1,徒歩1,最寄り2,バス2,最寄りバス停2,徒歩2,最寄り3,バス3,最寄りバス停3,徒歩3,建物の写真,海抜,浸水の可能性,地震時の揺れやすさ,液状化の可能性,土砂災害の可能性,避難所名,避難所距離,避難所座標,家賃,管理費,敷金,礼金,間取り,面積,間取り図
東京都荒川区東尾久８,東京都,荒川区,139.768585,35.751682,ウィズ熊野前,日暮里・舎人ライナー/熊野前駅,,,歩7分,都電荒川線/熊野前駅,,,歩7分,ＪＲ山手線/田端駅,,,歩27分,https://img01.suumo.com/front/gazo/fr/bukken/224/100378526224/100378526224_gw.jpg,1.7,3.0～5.0ｍ未満,やや揺れやすい,やや高い,なし,男女平等推進センター,382.33721666,139.768871 35.748244,11.5万円,6000円,11.5万円,-,2DK,50.99m2,https://img01.suumo.com/front/gazo/fr/bukken/224/100378526224/100378526224_co.jpg
東京都荒川区町屋４,東京都,荒川区,139.778122,35.747356,吉原コーポ,東京メトロ千代田線/町屋駅,,,歩9分,日暮里・舎人ライナー/熊野前駅,,,歩13分,京成本線/新三河島駅,,,歩21分,https://img01.suumo.com/front/gazo/fr/bukken/066/100379336066/100379336066_gw.jpg,1.8,3.0～5.0ｍ未満,揺れやすい,やや高い,なし,大門小学校,206.07312834,139.77711 35.74902,8.9万円,-,8.9万円,8.9万円,4DK,53.71m2,https://img01.suumo.com/front/gazo/fr/bukken/066/100379336066/100379336066_co.jpg
東京都荒川区南千住５,東京都,荒川区,139.795654,35.733616,Ｂｌａｎｃ　Ｆｉｏｒｅ,東京メトロ日比谷線/三ノ輪駅,,,歩5分,つくばエクスプレス/南千住駅,,,歩5分,都電荒川線/三ノ輪橋駅,,,歩6分,https://img01.suumo.com/front/gazo/fr/bukken/134/100356539134/100356539134_gw.jpg,1.3,3.0～5.0ｍ未満,中程度,やや高い,なし,第二瑞光小学校,102.35281018,139.794525 35.733556,10.3万円,4000円,-,-,1LDK,31.31m2,https://img01.suumo.com/front/gazo/fr/bukken/134/100356539134/100356539134_co.jpg
東京都荒川区西日暮里４,東京都,荒川区,139.763702,35.732731,ガンズハウス,ＪＲ山手線/西日暮里駅,,,歩8分,ＪＲ山手線/田端駅,,,歩6分,東京メトロ南北線/駒込駅,,,歩18分,https://img01.suumo.com/front/gazo/fr/bukken/518/100379398518/100379398518_gw.jpg,10.2,-,中程度,非常に低い,なし,学校法人開成学園,118.43496776,139.764947 35.73240096,12.2万円,3000円,12.2万円,-,1LDK,41.32m2,https://img01.suumo.com/front/gazo/fr/bukken/518/100379398518/100379398518_co.jpg
東京都荒川区東日暮里６,東京都,荒川区,139.77652,35.730938,ベルシードステアー東日暮里II,ＪＲ山手線/日暮里駅,,,歩8分,ＪＲ山手線/西日暮里駅,,,歩14分,ＪＲ常磐線/三河島駅,,,歩7分,https://img01.suumo.com/front/gazo/fr/bukken/482/100373590482/100373590482_gw.jpg,3.3,0.5～3.0ｍ未満,揺れやすい,やや高い,なし,・高潮時は3階以上に避難,236.87569459,139.7760076 35.73303162,11.9万円,15000円,-,-,1LDK,32.02m2,https://img01.suumo.com/front/gazo/fr/bukken/292/100375128292/100375128292_co.jpg
東京都荒川区東日暮里６,東京都,荒川区,139.77652,35.730938,ベルシードステアー東日暮里II,ＪＲ山手線/日暮里駅,,,歩8分,ＪＲ山手線/西日暮里駅,,,歩14分,ＪＲ常磐線/三河島駅,,,歩7分,https://img01.suumo.com/front/gazo/fr/bukken/482/100373590482/100373590482_gw.jpg,3.3,0.5～3.0ｍ未満,揺れやすい,やや高い,なし,・高潮時は3階以上に避難,236.87569459,139.7760076 35.73303162,12万円,15000円,-,-,1LDK,32.02m2,https://img01.suumo.com/front/gazo/fr/bukken/018/100378808018/100378808018_co.jpg
東京都荒川区東日暮里６,東京都,荒川区,139.77652,35.730938,ベルシードステアー東日暮里II,ＪＲ山手線/日暮里駅,,,歩8分,ＪＲ山手線/西日暮里駅,,,歩14分,ＪＲ常磐線/三河島駅,,,歩7分,https://img01.suumo.com/front/gazo/fr/bukken/482/100373590482/100373590482_gw.jpg,3.3,0.5～3.0ｍ未満,揺れやすい,やや高い,なし,・高潮時は3階以上に避難,236.87569459,139.7760076 35.73303162,12.3万円,15000円,-,-,1LDK,32.02m2,https://img01.suumo.com/front/gazo/fr/bukken/582/100378814582/100378814582_co.jpg
東京都荒川区東日暮里６,東京都,荒川区,139.77652,35.730938,ベルシードステアー東日暮里II,ＪＲ山手線/日暮里駅,,,歩8分,ＪＲ山手線/西日暮里駅,,,歩14分,ＪＲ常磐線/三河島駅,,,歩7分,https://img01.suumo.com/front/gazo/fr/bukken/482/100373590482/100373590482_gw.jpg,3.3,0.5～3.0ｍ未満,揺れやすい,やや高い,なし,・高潮時は3階以上に避難,236.87569459,139.7760076 35.73303162,12.4万円,15000円,-,-,1LDK,32.02m2,https://img01.suumo.com/front/gazo/fr/bukken/564/100378814564/100378814564_co.jpg
東京都荒川区東日暮里６,東京都,荒川区,139.77652,35.730938,ベルシードステアー東日暮里II,ＪＲ山手線/日暮里駅,,,歩8分,ＪＲ山手線/西日暮里駅,,,歩14分,ＪＲ常磐線/三河島駅,,,歩7分,https://img01.suumo.com/front/gazo/fr/bukken/482/100373590482/100373590482_gw.jpg,3.3,0.5～3.0ｍ未満,揺れやすい,やや高い,なし,・高潮時は3階以上に避難,236.87569459,139.7760076 35.73303162,12.4万円,15000円,-,-,1LDK,31.91m2,https://img01.suumo.com/front/gazo/fr/bukken/677/100374257677/100374257677_co.jpg
東京都荒川区東日暮里６,東京都,荒川区,139.77652,35.730938,ベルシードステアー東日暮里II,ＪＲ山手線/日暮里駅,,,歩8分,ＪＲ山手線/西日暮里駅,,,歩14分,ＪＲ常磐線/三河島駅,,,歩7分,https://img01.suumo.com/front/gazo/fr/bukken/482/100373590482/100373590482_gw.jpg,3.3,0.5～3.0ｍ未満,揺れやすい,やや高い,なし,・高潮時は3階以上に避難,236.87569459,139.7760076 35.73303162,12.45万円,15000円,-,-,1LDK,31.35m2,https://img01.suumo.com/front/gazo/fr/bukken/289/100375128289/100375128289_co.jpg
東京都荒川区東日暮里６,東京都,荒川区,139.77652,35.730938,ベルシードステアー東日暮里II,ＪＲ山手線/日暮里駅,,,歩8分,ＪＲ山手線/西日暮里駅,,,歩14分,ＪＲ常磐線/三河島駅,,,歩7分,https://img01.suumo.com/front/gazo/fr/bukken/482/100373590482/100373590482_gw.jpg,3.3,0.5～3.0ｍ未満,揺れやすい,やや高い,なし,・高潮時は3階以上に避難,236.87569459,139.7760076 35.73303162,12.5万円,15000円,-,-,1LDK,31.91m2,https://img01.suumo.com/front/gazo/fr/bukken/482/100373590482/100373590482_co.jpg
東京都荒川区東日暮里６,東京都,荒川区,139.77652,35.730938,ベルシードステアー東日暮里II,ＪＲ山手線/日暮里駅,,,歩8分,ＪＲ山手線/西日暮里駅,,,歩14分,ＪＲ常磐線/三河島駅,,,歩7分,https://img01.suumo.com/front/gazo/fr/bukken/482/100373590482/100373590482_gw.jpg,3.3,0.5～3.0ｍ未満,揺れやすい,やや高い,なし,・高潮時は3階以上に避難,236.87569459,139.7760076 35.73303162,12.5万円,15000円,-,-,1LDK,31.62m2,https://img01.suumo.com/front/gazo/fr/bukken/285/100375128285/100375128285_co.jpg
東京都荒川区東日暮里６,東京都,荒川区,139.77652,35.730938,ベルシードステアー東日暮里II,ＪＲ山手線/日暮里駅,,,歩8分,ＪＲ山手線/西日暮里駅,,,歩14分,ＪＲ常磐線/三河島駅,,,歩7分,https://img01.suumo.com/front/gazo/fr/bukken/482/100373590482/100373590482_gw.jpg,3.3,0.5～3.0ｍ未満,揺れやすい,やや高い,なし,・高潮時は3階以上に避難,236.87569459,139.7760076 35.73303162,12.55万円,15000円,-,-,1LDK,31.62m2,https://img01.suumo.com/front/gazo/fr/bukken/277/100375128277/100375128277_co.jpg
東京都荒川区東日暮里６,東京都,荒川区,139.77652,35.730938,ベルシードステアー東日暮里II,ＪＲ山手線/日暮里駅,,,歩8分,ＪＲ山手線/西日暮里駅,,,歩14分,ＪＲ常磐線/三河島駅,,,歩7分,https://img01.suumo.com/front/gazo/fr/bukken/482/100373590482/100373590482_gw.jpg,3.3,0.5～3.0ｍ未満,揺れやすい,やや高い,なし,・高潮時は3階以上に避難,236.87569459,139.7760076 35.73303162,12.55万円,15000円,-,-,1LDK,31.35m2,https://img01.suumo.com/front/gazo/fr/bukken/646/100379381646/100379381646_co.jpg
東京都荒川区東日暮里６,東京都,荒川区,139.77652,35.730938,ベルシードステアー東日暮里II,ＪＲ山手線/日暮里駅,,,歩8分,ＪＲ山手線/西日暮里駅,,,歩14分,ＪＲ常磐線/三河島駅,,,歩7分,https://img01.suumo.com/front/gazo/fr/bukken/482/100373590482/100373590482_gw.jpg,3.3,0.5～3.0ｍ未満,揺れやすい,やや高い,なし,・高潮時は3階以上に避難,236.87569459,139.7760076 35.73303162,12.6万円,15000円,-,-,1LDK,31.91m2,https://img01.suumo.com/front/gazo/fr/bukken/506/100374239506/100374239506_co.jpg
東京都荒川区東日暮里６,東京都,荒川区,139.77652,35.730938,ベルシードステアー東日暮里II,ＪＲ山手線/日暮里駅,,,歩8分,ＪＲ山手線/西日暮里駅,,,歩14分,ＪＲ常磐線/三河島駅,,,歩7分,https://img01.suumo.com/front/gazo/fr/bukken/482/100373590482/100373590482_gw.jpg,3.3,0.5～3.0ｍ未満,揺れやすい,やや高い,なし,・高潮時は3階以上に避難,236.87569459,139.7760076 35.73303162,12.6万円,15000円,-,-,1LDK,31.62m2,https://img01.suumo.com/front/gazo/fr/bukken/527/100374239527/100374239527_co.jpg
東京都荒川区東尾久６,東京都,荒川区,139.773956,35.746956,パラッツオ・イイノ,東京メトロ千代田線/町屋駅,,,歩8分,都電荒川線/東尾久三丁目駅,,,歩2分,京成本線/町屋駅,,,歩8分,https://img01.suumo.com/front/gazo/fr/bukken/047/100379085047/100379085047_gw.jpg,1.9,3.0～5.0ｍ未満,やや揺れやすい,やや高い,なし,東尾久本町通りふれあい館,339.94374947,139.7714096 35.74470262,9万円,8000円,9万円,9万円,2DK,37.53m2,https://img01.suumo.com/front/gazo/fr/bukken/047/100379085047/100379085047_co.jpg
東京都荒川区南千住６,東京都,荒川区,139.792831,35.737923,カサス・ガーデン,東京メトロ日比谷線/南千住駅,,,歩7分,都電荒川線/三ノ輪橋駅,,,歩9分,都電荒川線/荒川一中前駅,,,歩12分,https://img01.suumo.com/front/gazo/fr/bukken/737/100379142737/100379142737_gw.jpg,2.6,0.5～3.0ｍ未満,揺れやすい,やや高い,なし,荒川工業高等学校,75.3875899,139.7922648 35.73742445,16万円,10000円,16万円,32万円,2LDK,51.84m2,https://img01.suumo.com/front/gazo/fr/bukken/737/100379142737/100379142737_co.jpg
東京都葛飾区東四つ木４,東京都,葛飾区,139.840195,35.733498,Hirano Homes,京成押上線/四ツ木駅,,,歩6分,京成押上線/京成立石駅,,,歩16分,ＪＲ総武線快速/新小岩駅,バス16分,(バス停)渋江公園,(バス停)渋江公園,https://img01.suumo.com/front/gazo/fr/bukken/232/100379302232/100379302232_gw.jpg,-0.2,3.0～5.0ｍ未満,揺れやすい,やや高い,なし,新四ツ木橋地区東岸,809.61063695,139.8314065 35.73212119,10万円,4000円,10万円,10万円,1LDK,40.57m2,https://img01.suumo.com/front/gazo/fr/bukken/232/100379302232/100379302232_co.jpg
東京都荒川区南千住６,東京都,荒川区,139.792831,35.737923,レ・フォルテ,東京メトロ日比谷線/南千住駅,,,歩9分,京成本線/千住大橋駅,,,歩10分,東京メトロ日比谷線/三ノ輪駅,,,歩12分,https://img01.suumo.com/front/gazo/fr/bukken/422/100375438422/100375438422_gw.jpg,2.6,0.5～3.0ｍ未満,揺れやすい,やや高い,なし,荒川工業高等学校,75.3875899,139.7922648 35.73742445,12.9万円,10000円,-,12.9万円,1LDK,41.68m2,https://img01.suumo.com/front/gazo/fr/bukken/422/100375438422/100375438422_co.jpg
東京都荒川区南千住７,東京都,荒川区,139.798691,35.735664,nido南千住,ＪＲ常磐線/南千住駅,,,歩8分,京成本線/千住大橋駅,,,歩9分,都電荒川線/三ノ輪橋駅,,,歩11分,https://img01.suumo.com/front/gazo/fr/bukken/498/100357466498/100357466498_gw.jpg,0.7,3.0～5.0ｍ未満,揺れやすい,やや高い,なし,第三瑞光小学校,5.4973759,139.7987 35.735615,13.95万円,15000円,-,-,1LDK,35.95m2,https://img01.suumo.com/front/gazo/fr/bukken/389/100358318389/100358318389_co.jpg
東京都荒川区南千住７,東京都,荒川区,139.798691,35.735664,nido南千住,ＪＲ常磐線/南千住駅,,,歩8分,京成本線/千住大橋駅,,,歩9分,都電荒川線/三ノ輪橋駅,,,歩11分,https://img01.suumo.com/front/gazo/fr/bukken/498/100357466498/100357466498_gw.jpg,0.7,3.0～5.0ｍ未満,揺れやすい,やや高い,なし,第三瑞光小学校,5.4973759,139.7987 35.735615,13.95万円,15000円,-,-,1LDK,35.95m2,https://img01.suumo.com/front/gazo/fr/bukken/430/100355868430/100355868430_co.jpg
東京都荒川区南千住７,東京都,荒川区,139.798691,35.735664,nido南千住,ＪＲ常磐線/南千住駅,,,歩8分,京成本線/千住大橋駅,,,歩9分,都電荒川線/三ノ輪橋駅,,,歩11分,https://img01.suumo.com/front/gazo/fr/bukken/498/100357466498/100357466498_gw.jpg,0.7,3.0～5.0ｍ未満,揺れやすい,やや高い,なし,第三瑞光小学校,5.4973759,139.7987 35.735615,14.05万円,15000円,-,-,1LDK,35.95m2,https://img01.suumo.com/front/gazo/fr/bukken/419/100358318419/100358318419_co.jpg
東京都荒川区南千住７,東京都,荒川区,139.798691,35.735664,nido南千住,ＪＲ常磐線/南千住駅,,,歩8分,京成本線/千住大橋駅,,,歩9分,都電荒川線/三ノ輪橋駅,,,歩11分,https://img01.suumo.com/front/gazo/fr/bukken/498/100357466498/100357466498_gw.jpg,0.7,3.0～5.0ｍ未満,揺れやすい,やや高い,なし,第三瑞光小学校,5.4973759,139.7987 35.735615,14.15万円,15000円,-,-,1LDK,35.95m2,https://img01.suumo.com/front/gazo/fr/bukken/321/100358318321/100358318321_co.jpg
東京都荒川区南千住７,東京都,荒川区,139.798691,35.735664,nido南千住,ＪＲ常磐線/南千住駅,,,歩8分,京成本線/千住大橋駅,,,歩9分,都電荒川線/三ノ輪橋駅,,,歩11分,https://img01.suumo.com/front/gazo/fr/bukken/498/100357466498/100357466498_gw.jpg,0.7,3.0～5.0ｍ未満,揺れやすい,やや高い,なし,第三瑞光小学校,5.4973759,139.7987 35.735615,17.15万円,20000円,-,-,2LDK,45.06m2,https://img01.suumo.com/front/gazo/fr/bukken/612/100361888612/100361888612_co.jpg
東京都荒川区南千住７,東京都,荒川区,139.798691,35.735664,nido南千住,ＪＲ常磐線/南千住駅,,,歩8分,京成本線/千住大橋駅,,,歩9分,都電荒川線/三ノ輪橋駅,,,歩11分,https://img01.suumo.com/front/gazo/fr/bukken/498/100357466498/100357466498_gw.jpg,0.7,3.0～5.0ｍ未満,揺れやすい,やや高い,なし,第三瑞光小学校,5.4973759,139.7987 35.735615,17.15万円,20000円,-,-,2LDK,45.06m2,https://img01.suumo.com/front/gazo/fr/bukken/235/100375983235/100375983235_co.jpg
東京都荒川区南千住７,東京都,荒川区,139.798691,35.735664,nido南千住,ＪＲ常磐線/南千住駅,,,歩8分,京成本線/千住大橋駅,,,歩9分,都電荒川線/三ノ輪橋駅,,,歩11分,https://img01.suumo.com/front/gazo/fr/bukken/498/100357466498/100357466498_gw.jpg,0.7,3.0～5.0ｍ未満,揺れやすい,やや高い,なし,第三瑞光小学校,5.4973759,139.7987 35.735615,17.25万円,20000円,-,-,2LDK,45.06m2,https://img01.suumo.com/front/gazo/fr/bukken/484/100376124484/100376124484_co.jpg
東京都荒川区南千住７,東京都,荒川区,139.798691,35.735664,nido南千住,ＪＲ常磐線/南千住駅,,,歩8分,京成本線/千住大橋駅,,,歩9分,都電荒川線/三ノ輪橋駅,,,歩11分,https://img01.suumo.com/front/gazo/fr/bukken/498/100357466498/100357466498_gw.jpg,0.7,3.0～5.0ｍ未満,揺れやすい,やや高い,なし,第三瑞光小学校,5.4973759,139.7987 35.735615,17.25万円,20000円,-,-,2LDK,45.06m2,https://img01.suumo.com/front/gazo/fr/bukken/915/100371015915/100371015915_co.jpg
東京都荒川区南千住７,東京都,荒川区,139.798691,35.735664,nido南千住,ＪＲ常磐線/南千住駅,,,歩8分,京成本線/千住大橋駅,,,歩9分,都電荒川線/三ノ輪橋駅,,,歩11分,https://img01.suumo.com/front/gazo/fr/bukken/498/100357466498/100357466498_gw.jpg,0.7,3.0～5.0ｍ未満,揺れやすい,やや高い,なし,第三瑞光小学校,5.4973759,139.7987 35.735615,18.3万円,20000円,-,-,2LDK,49.27m2,https://img01.suumo.com/front/gazo/fr/bukken/392/100358318392/100358318392_co.jpg
東京都荒川区南千住７,東京都,荒川区,139.798691,35.735664,nido南千住,ＪＲ常磐線/南千住駅,,,歩8分,京成本線/千住大橋駅,,,歩9分,都電荒川線/三ノ輪橋駅,,,歩11分,https://img01.suumo.com/front/gazo/fr/bukken/498/100357466498/100357466498_gw.jpg,0.7,3.0～5.0ｍ未満,揺れやすい,やや高い,なし,第三瑞光小学校,5.4973759,139.7987 35.735615,18.75万円,20000円,-,-,2LDK,49.27m2,https://img01.suumo.com/front/gazo/fr/bukken/910/100363803910/100363803910_co.jpg
東京都荒川区南千住７,東京都,荒川区,139.798691,35.735664,nido南千住,ＪＲ常磐線/南千住駅,,,歩8分,京成本線/千住大橋駅,,,歩9分,都電荒川線/三ノ輪橋駅,,,歩11分,https://img01.suumo.com/front/gazo/fr/bukken/498/100357466498/100357466498_gw.jpg,0.7,3.0～5.0ｍ未満,揺れやすい,やや高い,なし,第三瑞光小学校,5.4973759,139.7987 35.735615,18.75万円,20000円,-,-,2LDK,49.27m2,https://img01.suumo.com/front/gazo/fr/bukken/035/100361723035/100361723035_co.jpg
東京都荒川区南千住７,東京都,荒川区,139.798691,35.735664,nido南千住,ＪＲ常磐線/南千住駅,,,歩8分,京成本線/千住大橋駅,,,歩9分,都電荒川線/三ノ輪橋駅,,,歩11分,https://img01.suumo.com/front/gazo/fr/bukken/498/100357466498/100357466498_gw.jpg,0.7,3.0～5.0ｍ未満,揺れやすい,やや高い,なし,第三瑞光小学校,5.4973759,139.7987 35.735615,18.85万円,20000円,-,-,2LDK,49.27m2,https://img01.suumo.com/front/gazo/fr/bukken/167/100361888167/100361888167_co.jpg
東京都荒川区南千住７,東京都,荒川区,139.798691,35.735664,nido南千住,ＪＲ常磐線/南千住駅,,,歩8分,京成本線/千住大橋駅,,,歩9分,都電荒川線/三ノ輪橋駅,,,歩11分,https://img01.suumo.com/front/gazo/fr/bukken/498/100357466498/100357466498_gw.jpg,0.7,3.0～5.0ｍ未満,揺れやすい,やや高い,なし,第三瑞光小学校,5.4973759,139.7987 35.735615,18.85万円,20000円,-,-,2LDK,49.27m2,https://img01.suumo.com/front/gazo/fr/bukken/511/100363759511/100363759511_co.jpg
東京都荒川区南千住７,東京都,荒川区,139.798691,35.735664,nido南千住,ＪＲ常磐線/南千住駅,,,歩8分,京成本線/千住大橋駅,,,歩9分,都電荒川線/三ノ輪橋駅,,,歩11分,https://img01.suumo.com/front/gazo/fr/bukken/498/100357466498/100357466498_gw.jpg,0.7,3.0～5.0ｍ未満,揺れやすい,やや高い,なし,第三瑞光小学校,5.4973759,139.7987 35.735615,18.9万円,20000円,-,-,2LDK,49.27m2,https://img01.suumo.com/front/gazo/fr/bukken/498/100357466498/100357466498_co.jpg
東京都荒川区南千住７,東京都,荒川区,139.798691,35.735664,nido南千住,ＪＲ常磐線/南千住駅,,,歩8分,京成本線/千住大橋駅,,,歩9分,都電荒川線/三ノ輪橋駅,,,歩11分,https://img01.suumo.com/front/gazo/fr/bukken/498/100357466498/100357466498_gw.jpg,0.7,3.0～5.0ｍ未満,揺れやすい,やや高い,なし,第三瑞光小学校,5.4973759,139.7987 35.735615,18.9万円,20000円,-,-,2LDK,49.27m2,https://img01.suumo.com/front/gazo/fr/bukken/466/100360449466/100360449466_co.jpg
東京都荒川区南千住７,東京都,荒川区,139.798691,35.735664,nido南千住,ＪＲ常磐線/南千住駅,,,歩8分,京成本線/千住大橋駅,,,歩9分,都電荒川線/三ノ輪橋駅,,,歩11分,https://img01.suumo.com/front/gazo/fr/bukken/498/100357466498/100357466498_gw.jpg,0.7,3.0～5.0ｍ未満,揺れやすい,やや高い,なし,第三瑞光小学校,5.4973759,139.7987 35.735615,19万円,20000円,-,-,2LDK,49.27m2,https://img01.suumo.com/front/gazo/fr/bukken/469/100360449469/100360449469_co.jpg
東京都荒川区南千住７,東京都,荒川区,139.798691,35.735664,nido南千住,ＪＲ常磐線/南千住駅,,,歩8分,京成本線/千住大橋駅,,,歩9分,都電荒川線/三ノ輪橋駅,,,歩11分,https://img01.suumo.com/front/gazo/fr/bukken/498/100357466498/100357466498_gw.jpg,0.7,3.0～5.0ｍ未満,揺れやすい,やや高い,なし,第三瑞光小学校,5.4973759,139.7987 35.735615,19.2万円,20000円,-,-,2LDK,52.36m2,https://img01.suumo.com/front/gazo/fr/bukken/042/100361723042/100361723042_co.jpg
東京都荒川区南千住７,東京都,荒川区,139.798691,35.735664,nido南千住,ＪＲ常磐線/南千住駅,,,歩8分,京成本線/千住大橋駅,,,歩9分,都電荒川線/三ノ輪橋駅,,,歩11分,https://img01.suumo.com/front/gazo/fr/bukken/498/100357466498/100357466498_gw.jpg,0.7,3.0～5.0ｍ未満,揺れやすい,やや高い,なし,第三瑞光小学校,5.4973759,139.7987 35.735615,19.3万円,20000円,-,-,2LDK,52.36m2,https://img01.suumo.com/front/gazo/fr/bukken/058/100361723058/100361723058_co.jpg
東京都荒川区南千住７,東京都,荒川区,139.798691,35.735664,nido南千住,ＪＲ常磐線/南千住駅,,,歩8分,京成本線/千住大橋駅,,,歩9分,都電荒川線/三ノ輪橋駅,,,歩11分,https://img01.suumo.com/front/gazo/fr/bukken/498/100357466498/100357466498_gw.jpg,0.7,3.0～5.0ｍ未満,揺れやすい,やや高い,なし,第三瑞光小学校,5.4973759,139.7987 35.735615,21.65万円,20000円,-,-,3LDK,60.09m2,https://img01.suumo.com/front/gazo/fr/bukken/483/100363807483/100363807483_co.jpg
東京都荒川区南千住７,東京都,荒川区,139.798691,35.735664,nido南千住,ＪＲ常磐線/南千住駅,,,歩8分,京成本線/千住大橋駅,,,歩9分,都電荒川線/三ノ輪橋駅,,,歩11分,https://img01.suumo.com/front/gazo/fr/bukken/498/100357466498/100357466498_gw.jpg,0.7,3.0～5.0ｍ未満,揺れやすい,やや高い,なし,第三瑞光小学校,5.4973759,139.7987 35.735615,21.65万円,20000円,-,-,3LDK,60.09m2,https://img01.suumo.com/front/gazo/fr/bukken/004/100362541004/100362541004_co.jpg
東京都荒川区南千住７,東京都,荒川区,139.798691,35.735664,nido南千住,ＪＲ常磐線/南千住駅,,,歩8分,京成本線/千住大橋駅,,,歩9分,都電荒川線/三ノ輪橋駅,,,歩11分,https://img01.suumo.com/front/gazo/fr/bukken/498/100357466498/100357466498_gw.jpg,0.7,3.0～5.0ｍ未満,揺れやすい,やや高い,なし,第三瑞光小学校,5.4973759,139.7987 35.735615,23.25万円,20000円,-,-,3LDK,64.63m2,https://img01.suumo.com/front/gazo/fr/bukken/625/100363803625/100363803625_co.jpg
東京都荒川区南千住７,東京都,荒川区,139.798691,35.735664,nido南千住,ＪＲ常磐線/南千住駅,,,歩8分,京成本線/千住大橋駅,,,歩9分,都電荒川線/三ノ輪橋駅,,,歩11分,https://img01.suumo.com/front/gazo/fr/bukken/498/100357466498/100357466498_gw.jpg,0.7,3.0～5.0ｍ未満,揺れやすい,やや高い,なし,第三瑞光小学校,5.4973759,139.7987 35.735615,24.8万円,20000円,-,-,3LDK,67.35m2,https://img01.suumo.com/front/gazo/fr/bukken/304/100358318304/100358318304_co.jpg
東京都荒川区南千住７,東京都,荒川区,139.798691,35.735664,nido南千住,ＪＲ常磐線/南千住駅,,,歩8分,京成本線/千住大橋駅,,,歩9分,都電荒川線/三ノ輪橋駅,,,歩11分,https://img01.suumo.com/front/gazo/fr/bukken/498/100357466498/100357466498_gw.jpg,0.7,3.0～5.0ｍ未満,揺れやすい,やや高い,なし,第三瑞光小学校,5.4973759,139.7987 35.735615,24.8万円,20000円,-,-,3LDK,67.35m2,https://img01.suumo.com/front/gazo/fr/bukken/473/100355886473/100355886473_co.jpg
東京都荒川区南千住７,東京都,荒川区,139.798691,35.735664,nido南千住,ＪＲ常磐線/南千住駅,,,歩8分,京成本線/千住大橋駅,,,歩9分,都電荒川線/三ノ輪橋駅,,,歩11分,https://img01.suumo.com/front/gazo/fr/bukken/498/100357466498/100357466498_gw.jpg,0.7,3.0～5.0ｍ未満,揺れやすい,やや高い,なし,第三瑞光小学校,5.4973759,139.7987 35.735615,24.9万円,20000円,-,-,3LDK,67.35m2,https://img01.suumo.com/front/gazo/fr/bukken/993/100355886993/100355886993_co.jpg
東京都荒川区南千住７,東京都,荒川区,139.798691,35.735664,nido南千住,ＪＲ常磐線/南千住駅,,,歩8分,京成本線/千住大橋駅,,,歩9分,都電荒川線/三ノ輪橋駅,,,歩11分,https://img01.suumo.com/front/gazo/fr/bukken/498/100357466498/100357466498_gw.jpg,0.7,3.0～5.0ｍ未満,揺れやすい,やや高い,なし,第三瑞光小学校,5.4973759,139.7987 35.735615,24.9万円,20000円,-,-,3LDK,67.35m2,https://img01.suumo.com/front/gazo/fr/bukken/393/100358318393/100358318393_co.jpg
東京都荒川区南千住７,東京都,荒川区,139.798691,35.735664,nido南千住,ＪＲ常磐線/南千住駅,,,歩8分,京成本線/千住大橋駅,,,歩9分,都電荒川線/三ノ輪橋駅,,,歩11分,https://img01.suumo.com/front/gazo/fr/bukken/498/100357466498/100357466498_gw.jpg,0.7,3.0～5.0ｍ未満,揺れやすい,やや高い,なし,第三瑞光小学校,5.4973759,139.7987 35.735615,24.95万円,20000円,-,-,3LDK,67.35m2,https://img01.suumo.com/front/gazo/fr/bukken/513/100363807513/100363807513_co.jpg
東京都荒川区南千住７,東京都,荒川区,139.798691,35.735664,nido南千住,ＪＲ常磐線/南千住駅,,,歩8分,京成本線/千住大橋駅,,,歩9分,都電荒川線/三ノ輪橋駅,,,歩11分,https://img01.suumo.com/front/gazo/fr/bukken/498/100357466498/100357466498_gw.jpg,0.7,3.0～5.0ｍ未満,揺れやすい,やや高い,なし,第三瑞光小学校,5.4973759,139.7987 35.735615,24.95万円,20000円,-,-,3LDK,67.35m2,https://img01.suumo.com/front/gazo/fr/bukken/379/100371015379/100371015379_co.jpg
東京都荒川区南千住７,東京都,荒川区,139.798691,35.735664,nido南千住,ＪＲ常磐線/南千住駅,,,歩8分,京成本線/千住大橋駅,,,歩9分,都電荒川線/三ノ輪橋駅,,,歩11分,https://img01.suumo.com/front/gazo/fr/bukken/498/100357466498/100357466498_gw.jpg,0.7,3.0～5.0ｍ未満,揺れやすい,やや高い,なし,第三瑞光小学校,5.4973759,139.7987 35.735615,25.05万円,20000円,-,-,3LDK,67.35m2,https://img01.suumo.com/front/gazo/fr/bukken/184/100375983184/100375983184_co.jpg
東京都荒川区南千住７,東京都,荒川区,139.798691,35.735664,nido南千住,ＪＲ常磐線/南千住駅,,,歩8分,京成本線/千住大橋駅,,,歩9分,都電荒川線/三ノ輪橋駅,,,歩11分,https://img01.suumo.com/front/gazo/fr/bukken/498/100357466498/100357466498_gw.jpg,0.7,3.0～5.0ｍ未満,揺れやすい,やや高い,なし,第三瑞光小学校,5.4973759,139.7987 35.735615,25.1万円,20000円,-,-,3LDK,67.35m2,https://img01.suumo.com/front/gazo/fr/bukken/426/100358318426/100358318426_co.jpg
東京都荒川区南千住７,東京都,荒川区,139.798691,35.735664,nido南千住,ＪＲ常磐線/南千住駅,,,歩8分,京成本線/千住大橋駅,,,歩9分,都電荒川線/三ノ輪橋駅,,,歩11分,https://img01.suumo.com/front/gazo/fr/bukken/498/100357466498/100357466498_gw.jpg,0.7,3.0～5.0ｍ未満,揺れやすい,やや高い,なし,第三瑞光小学校,5.4973759,139.7987 35.735615,25.3万円,20000円,-,-,3LDK,67.35m2,https://img01.suumo.com/front/gazo/fr/bukken/196/100363805196/100363805196_co.jpg
東京都荒川区南千住７,東京都,荒川区,139.798691,35.735664,nido南千住,ＪＲ常磐線/南千住駅,,,歩8分,京成本線/千住大橋駅,,,歩9分,都電荒川線/三ノ輪橋駅,,,歩11分,https://img01.suumo.com/front/gazo/fr/bukken/498/100357466498/100357466498_gw.jpg,0.7,3.0～5.0ｍ未満,揺れやすい,やや高い,なし,第三瑞光小学校,5.4973759,139.7987 35.735615,25.3万円,20000円,-,-,3LDK,67.35m2,https://img01.suumo.com/front/gazo/fr/bukken/447/100375983447/100375983447_co.jpg
東京都荒川区南千住７,東京都,荒川区,139.798691,35.735664,nido南千住,ＪＲ常磐線/南千住駅,,,歩8分,京成本線/千住大橋駅,,,歩9分,都電荒川線/三ノ輪橋駅,,,歩11分,https://img01.suumo.com/front/gazo/fr/bukken/498/100357466498/100357466498_gw.jpg,0.7,3.0～5.0ｍ未満,揺れやすい,やや高い,なし,第三瑞光小学校,5.4973759,139.7987 35.735615,25.8万円,20000円,-,-,3LDK,67.35m2,https://img01.suumo.com/front/gazo/fr/bukken/767/100363803767/100363803767_co.jpg
東京都荒川区南千住７,東京都,荒川区,139.798691,35.735664,nido南千住,ＪＲ常磐線/南千住駅,,,歩8分,京成本線/千住大橋駅,,,歩9分,都電荒川線/三ノ輪橋駅,,,歩11分,https://img01.suumo.com/front/gazo/fr/bukken/498/100357466498/100357466498_gw.jpg,0.7,3.0～5.0ｍ未満,揺れやすい,やや高い,なし,第三瑞光小学校,5.4973759,139.7987 35.735615,25.8万円,20000円,-,-,3LDK,67.35m2,https://img01.suumo.com/front/gazo/fr/bukken/457/100375983457/100375983457_co.jpg
東京都葛飾区四つ木５,東京都,葛飾区,139.840073,35.742016,HANAMIZUKIお花茶屋,京成本線/お花茶屋駅,,,歩7分,京成押上線/京成立石駅,,,歩15分,京成押上線/青砥駅,,,歩19分,https://img01.suumo.com/front/gazo/fr/bukken/522/100379312522/100379312522_gw.jpg,-0.9,3.0～5.0ｍ未満,揺れやすい,やや高い,なし,区役所・青戸団地一帯,1185.42828919,139.8516121 35.74708096,13.5万円,10000円,13.5万円,-,2LDK,67.01m2,https://img01.suumo.com/front/gazo/fr/bukken/522/100379312522/100379312522_co.jpg
東京都葛飾区四つ木５,東京都,葛飾区,139.840073,35.742016,京成本線 お花茶屋駅 5階建 築21年,京成本線/お花茶屋駅,,,歩7分,京成押上線/京成立石駅,,,歩15分,,,,,https://img01.suumo.com/front/gazo/fr/bukken/361/100379293361/100379293361_gw.jpg,-0.9,3.0～5.0ｍ未満,揺れやすい,やや高い,なし,区役所・青戸団地一帯,1185.42828919,139.8516121 35.74708096,13.5万円,10000円,13.5万円,-,2LDK,67.01m2,https://img01.suumo.com/front/gazo/fr/bukken/361/100379293361/100379293361_co.jpg
東京都荒川区荒川６,東京都,荒川区,139.777557,35.742123,東京メトロ千代田線 町屋駅 3階建 築5年,東京メトロ千代田線/町屋駅,,,歩6分,京成本線/新三河島駅,,,歩11分,日暮里・舎人ライナー/赤土小学校前駅,,,歩13分,https://img01.suumo.com/front/gazo/fr/bukken/102/100375528102/100375528102_gw.jpg,2.1,3.0～5.0ｍ未満,揺れやすい,やや高い,なし,第九峡田小学校,179.17421456,139.779499 35.742441,10.55万円,4300円,-,10.55万円,1LDK,36.81m2,https://img01.suumo.com/front/gazo/fr/bukken/102/100375528102/100375528102_co.jpg
東京都荒川区町屋２,東京都,荒川区,139.778702,35.744446,ＦＡＮＳＯＮ＃1　ファンソンイチ,東京メトロ千代田線/町屋駅,,,歩5分,京成本線/新三河島駅,,,歩15分,日暮里・舎人ライナー/熊野前駅,,,歩15分,https://img01.suumo.com/front/gazo/fr/bukken/373/100374801373/100374801373_gw.jpg,2.1,3.0～5.0ｍ未満,揺れやすい,やや高い,なし,第四峡田小学校,130.50187153,139.780005 35.744951,12.5万円,3000円,12.5万円,18.75万円,1LDK,48.14m2,https://img01.suumo.com/front/gazo/fr/bukken/373/100374801373/100374801373_co.jpg
東京都荒川区西日暮里２,東京都,荒川区,139.771027,35.730396,ＪＲ山手線 日暮里駅 6階建 築13年,ＪＲ山手線/日暮里駅,,,歩7分,ＪＲ山手線/西日暮里駅,,,歩9分,ＪＲ常磐線/三河島駅,,,歩10分,https://img01.suumo.com/front/gazo/fr/bukken/234/100379224234/100379224234_gw.jpg,3.9,0.5～3.0ｍ未満,中程度,やや高い,なし,・高潮時は3階以上に避難,170.70501363,139.772516 35.731341,8.2万円,5000円,8.2万円,8.2万円,1K,22.33m2,https://img01.suumo.com/front/gazo/fr/bukken/234/100379224234/100379224234_co.jpg
東京都荒川区西日暮里６,東京都,荒川区,139.769455,35.736172,東京メトロ千代田線 西日暮里駅 5階建 築9年,東京メトロ千代田線/西日暮里駅,,,歩4分,京成本線/新三河島駅,,,歩8分,ＪＲ常磐線/三河島駅,,,歩12分,https://img01.suumo.com/front/gazo/fr/bukken/735/100379288735/100379288735_gw.jpg,3.8,0.5～3.0ｍ未満,揺れやすい,やや高い,なし,第六日暮里小学校,69.53214847,139.7696909 35.73557557,8.2万円,5000円,4.1万円,12.3万円,1K,20.28m2,https://img01.suumo.com/front/gazo/fr/bukken/735/100379288735/100379288735_co.jpg
東京都荒川区西日暮里６,東京都,荒川区,139.769455,35.736172,ロイヤルシティ西日暮里,ＪＲ山手線/西日暮里駅,,,歩6分,京成本線/新三河島駅,,,歩8分,ＪＲ京浜東北線/日暮里駅,,,歩12分,https://img01.suumo.com/front/gazo/fr/bukken/530/100379298530/100379298530_gw.jpg,3.8,0.5～3.0ｍ未満,揺れやすい,やや高い,なし,第六日暮里小学校,69.53214847,139.7696909 35.73557557,8.2万円,5000円,4.1万円,12.3万円,1K,20.28m2,https://img01.suumo.com/front/gazo/fr/bukken/530/100379298530/100379298530_co.jpg
東京都荒川区西日暮里２,東京都,荒川区,139.771027,35.730396,グランデュール富士,東京メトロ千代田線/西日暮里駅,,,歩3分,ＪＲ京浜東北線/日暮里駅,,,歩6分,ＪＲ常磐線/三河島駅,,,歩13分,https://img01.suumo.com/front/gazo/fr/bukken/761/100377546761/100377546761_gw.jpg,3.9,0.5～3.0ｍ未満,中程度,やや高い,なし,・高潮時は3階以上に避難,170.70501363,139.772516 35.731341,12.4万円,6000円,12.4万円,12.4万円,1LDK,33m2,https://img01.suumo.com/front/gazo/fr/bukken/438/100377880438/100377880438_co.jpg
東京都荒川区西日暮里２,東京都,荒川区,139.771027,35.730396,グランデュール富士,東京メトロ千代田線/西日暮里駅,,,歩3分,ＪＲ京浜東北線/日暮里駅,,,歩6分,ＪＲ常磐線/三河島駅,,,歩13分,https://img01.suumo.com/front/gazo/fr/bukken/761/100377546761/100377546761_gw.jpg,3.9,0.5～3.0ｍ未満,中程度,やや高い,なし,・高潮時は3階以上に避難,170.70501363,139.772516 35.731341,12.4万円,6000円,12.4万円,12.4万円,1LDK,33m2,https://img01.suumo.com/front/gazo/fr/bukken/821/100378149821/100378149821_co.jpg
東京都荒川区西日暮里２,東京都,荒川区,139.771027,35.730396,グランデュール富士,東京メトロ千代田線/西日暮里駅,,,歩3分,ＪＲ京浜東北線/日暮里駅,,,歩6分,ＪＲ常磐線/三河島駅,,,歩13分,https://img01.suumo.com/front/gazo/fr/bukken/761/100377546761/100377546761_gw.jpg,3.9,0.5～3.0ｍ未満,中程度,やや高い,なし,・高潮時は3階以上に避難,170.70501363,139.772516 35.731341,12.6万円,6000円,12.6万円,12.6万円,1LDK,33.63m2,https://img01.suumo.com/front/gazo/fr/bukken/723/100377562723/100377562723_co.jpg
東京都荒川区西日暮里２,東京都,荒川区,139.771027,35.730396,グランデュール富士,東京メトロ千代田線/西日暮里駅,,,歩3分,ＪＲ京浜東北線/日暮里駅,,,歩6分,ＪＲ常磐線/三河島駅,,,歩13分,https://img01.suumo.com/front/gazo/fr/bukken/761/100377546761/100377546761_gw.jpg,3.9,0.5～3.0ｍ未満,中程度,やや高い,なし,・高潮時は3階以上に避難,170.70501363,139.772516 35.731341,12.9万円,6000円,12.9万円,12.9万円,1LDK,35.05m2,https://img01.suumo.com/front/gazo/fr/bukken/558/100379045558/100379045558_co.jpg
東京都荒川区西日暮里２,東京都,荒川区,139.771027,35.730396,グランデュール富士,東京メトロ千代田線/西日暮里駅,,,歩3分,ＪＲ京浜東北線/日暮里駅,,,歩6分,ＪＲ常磐線/三河島駅,,,歩13分,https://img01.suumo.com/front/gazo/fr/bukken/761/100377546761/100377546761_gw.jpg,3.9,0.5～3.0ｍ未満,中程度,やや高い,なし,・高潮時は3階以上に避難,170.70501363,139.772516 35.731341,12.9万円,6000円,12.9万円,12.9万円,1LDK,34.44m2,https://img01.suumo.com/front/gazo/fr/bukken/462/100372582462/100372582462_co.jpg
東京都荒川区西日暮里２,東京都,荒川区,139.771027,35.730396,グランデュール富士,東京メトロ千代田線/西日暮里駅,,,歩3分,ＪＲ京浜東北線/日暮里駅,,,歩6分,ＪＲ常磐線/三河島駅,,,歩13分,https://img01.suumo.com/front/gazo/fr/bukken/761/100377546761/100377546761_gw.jpg,3.9,0.5～3.0ｍ未満,中程度,やや高い,なし,・高潮時は3階以上に避難,170.70501363,139.772516 35.731341,17.6万円,8000円,35.2万円,35.2万円,2LDK,50.61m2,https://img01.suumo.com/front/gazo/fr/bukken/734/100379033734/100379033734_co.jpg
東京都荒川区西日暮里２,東京都,荒川区,139.771027,35.730396,グランデュール富士,東京メトロ千代田線/西日暮里駅,,,歩3分,ＪＲ京浜東北線/日暮里駅,,,歩6分,ＪＲ常磐線/三河島駅,,,歩13分,https://img01.suumo.com/front/gazo/fr/bukken/761/100377546761/100377546761_gw.jpg,3.9,0.5～3.0ｍ未満,中程度,やや高い,なし,・高潮時は3階以上に避難,170.70501363,139.772516 35.731341,17.9万円,8000円,17.9万円,17.9万円,2LDK,50.61m2,https://img01.suumo.com/front/gazo/fr/bukken/761/100377546761/100377546761_co.jpg
東京都荒川区西日暮里２,東京都,荒川区,139.771027,35.730396,グランデュール富士,東京メトロ千代田線/西日暮里駅,,,歩3分,ＪＲ京浜東北線/日暮里駅,,,歩6分,ＪＲ常磐線/三河島駅,,,歩13分,https://img01.suumo.com/front/gazo/fr/bukken/761/100377546761/100377546761_gw.jpg,3.9,0.5～3.0ｍ未満,中程度,やや高い,なし,・高潮時は3階以上に避難,170.70501363,139.772516 35.731341,18万円,8000円,36万円,36万円,1SLDK,50.51m2,https://img01.suumo.com/front/gazo/fr/bukken/338/100377743338/100377743338_co.jpg
東京都荒川区西日暮里３,東京都,荒川区,139.766663,35.729725,METAL・KT,東京メトロ千代田線/千駄木駅,,,歩5分,ＪＲ山手線/日暮里駅,,,歩6分,ＪＲ山手線/西日暮里駅,,,歩8分,https://img01.suumo.com/front/gazo/fr/bukken/932/100379163932/100379163932_gw.jpg,10.1,-,中程度,非常に低い,なし,諏訪台ひろば館,83.93923048,139.767582 35.729621,8.5万円,-,8.5万円,8.5万円,1K,19.79m2,https://img01.suumo.com/front/gazo/fr/bukken/932/100379163932/100379163932_co.jpg
東京都荒川区東日暮里４,東京都,荒川区,139.780899,35.726601,ジェノヴィア東日暮里グリーンヴェール,ＪＲ山手線/鶯谷駅,,,歩6分,ＪＲ山手線/日暮里駅,,,歩11分,東京メトロ日比谷線/入谷駅,,,歩11分,https://img01.suumo.com/front/gazo/fr/bukken/566/100379070566/100379070566_gw.jpg,2.6,0.5～3.0ｍ未満,中程度,やや高い,なし,第三日暮里小学校,254.36420958,139.781392 35.728858,18.85万円,18000円,18.85万円,18.85万円,2LDK,51.24m2,https://img01.suumo.com/front/gazo/fr/bukken/566/100379070566/100379070566_co.jpg
東京都荒川区東日暮里４,東京都,荒川区,139.780899,35.726601,ジェノヴィア東日暮里グリーンヴェール,ＪＲ山手線/鶯谷駅,,,歩6分,ＪＲ山手線/日暮里駅,,,歩11分,東京メトロ日比谷線/入谷駅,,,歩11分,https://img01.suumo.com/front/gazo/fr/bukken/566/100379070566/100379070566_gw.jpg,2.6,0.5～3.0ｍ未満,中程度,やや高い,なし,第三日暮里小学校,254.36420958,139.781392 35.728858,19.85万円,18000円,-,-,2LDK,51.24m2,https://img01.suumo.com/front/gazo/fr/bukken/429/100377674429/100377674429_co.jpg
東京都荒川区荒川１,東京都,荒川区,139.786835,35.73476,LEXE 東京 East id,東京メトロ日比谷線/三ノ輪駅,,,歩10分,ＪＲ常磐線/三河島駅,,,歩16分,京成本線/町屋駅,,,歩18分,https://img01.suumo.com/front/gazo/fr/bukken/151/100379298151/100379298151_gw.jpg,1.9,3.0～5.0ｍ未満,揺れやすい,やや高い,なし,第一中学校,87.9021983,139.787752 35.734498,7.9万円,15000円,-,-,1K,25.72m2,https://img01.suumo.com/front/gazo/fr/bukken/652/100379165652/100379165652_co.jpg
東京都荒川区荒川１,東京都,荒川区,139.786835,35.73476,LEXE 東京 East id,東京メトロ日比谷線/三ノ輪駅,,,歩10分,ＪＲ常磐線/三河島駅,,,歩16分,京成本線/町屋駅,,,歩18分,https://img01.suumo.com/front/gazo/fr/bukken/151/100379298151/100379298151_gw.jpg,1.9,3.0～5.0ｍ未満,揺れやすい,やや高い,なし,第一中学校,87.9021983,139.787752 35.734498,8.4万円,15000円,-,-,1K,25.72m2,https://img01.suumo.com/front/gazo/fr/bukken/151/100379298151/100379298151_co.jpg
東京都荒川区西日暮里２,東京都,荒川区,139.771027,35.730396,ＲＣ日暮里,ＪＲ山手線/日暮里駅,,,歩7分,ＪＲ山手線/西日暮里駅,,,歩9分,ＪＲ常磐線/三河島駅,,,歩10分,https://img01.suumo.com/front/gazo/fr/bukken/017/100379106017/100379106017_gw.jpg,3.9,0.5～3.0ｍ未満,中程度,やや高い,なし,・高潮時は3階以上に避難,170.70501363,139.772516 35.731341,8.2万円,5000円,8.2万円,8.2万円,1K,22.33m2,https://img01.suumo.com/front/gazo/fr/bukken/017/100379106017/100379106017_co.jpg
東京都葛飾区青戸６,東京都,葛飾区,139.858231,35.750206,ウィステリア青砥,京成押上線/青砥駅,,,歩8分,北総線/京成高砂駅,,,歩14分,京成押上線/京成立石駅,,,歩22分,https://img01.suumo.com/front/gazo/fr/bukken/439/100376070439/100376070439_gw.jpg,1.2,0.5～3.0ｍ未満,揺れやすい,やや高い,なし,区役所・青戸団地一帯,691.83460456,139.8516121 35.74708096,14.3万円,10000円,14.3万円,14.3万円,2LDK,54.64m2,https://img01.suumo.com/front/gazo/fr/bukken/503/100377747503/100377747503_co.jpg
東京都葛飾区青戸６,東京都,葛飾区,139.858231,35.750206,ウィステリア青砥,京成押上線/青砥駅,,,歩8分,北総線/京成高砂駅,,,歩14分,京成押上線/京成立石駅,,,歩22分,https://img01.suumo.com/front/gazo/fr/bukken/439/100376070439/100376070439_gw.jpg,1.2,0.5～3.0ｍ未満,揺れやすい,やや高い,なし,区役所・青戸団地一帯,691.83460456,139.8516121 35.74708096,14.3万円,10000円,14.3万円,14.3万円,1SLDK,54.64m2,https://img01.suumo.com/front/gazo/fr/bukken/493/100376070493/100376070493_co.jpg
東京都葛飾区青戸６,東京都,葛飾区,139.858231,35.750206,ウィステリア青砥,京成押上線/青砥駅,,,歩8分,北総線/京成高砂駅,,,歩14分,京成押上線/京成立石駅,,,歩22分,https://img01.suumo.com/front/gazo/fr/bukken/439/100376070439/100376070439_gw.jpg,1.2,0.5～3.0ｍ未満,揺れやすい,やや高い,なし,区役所・青戸団地一帯,691.83460456,139.8516121 35.74708096,14.4万円,10000円,14.4万円,14.4万円,1SLDK,54.64m2,https://img01.suumo.com/front/gazo/fr/bukken/730/100377938730/100377938730_co.jpg
東京都葛飾区青戸６,東京都,葛飾区,139.858231,35.750206,ウィステリア青砥,京成押上線/青砥駅,,,歩8分,北総線/京成高砂駅,,,歩14分,京成押上線/京成立石駅,,,歩22分,https://img01.suumo.com/front/gazo/fr/bukken/439/100376070439/100376070439_gw.jpg,1.2,0.5～3.0ｍ未満,揺れやすい,やや高い,なし,区役所・青戸団地一帯,691.83460456,139.8516121 35.74708096,14.5万円,10000円,14.5万円,14.5万円,1SLDK,54.64m2,https://img01.suumo.com/front/gazo/fr/bukken/092/100377745092/100377745092_co.jpg
東京都葛飾区青戸６,東京都,葛飾区,139.858231,35.750206,ウィステリア青砥,京成押上線/青砥駅,,,歩8分,北総線/京成高砂駅,,,歩14分,京成押上線/京成立石駅,,,歩22分,https://img01.suumo.com/front/gazo/fr/bukken/439/100376070439/100376070439_gw.jpg,1.2,0.5～3.0ｍ未満,揺れやすい,やや高い,なし,区役所・青戸団地一帯,691.83460456,139.8516121 35.74708096,14.7万円,10000円,14.7万円,14.7万円,1SLDK,54.64m2,https://img01.suumo.com/front/gazo/fr/bukken/466/100376070466/100376070466_co.jpg
東京都葛飾区青戸６,東京都,葛飾区,139.858231,35.750206,ウィステリア青砥,京成押上線/青砥駅,,,歩8分,北総線/京成高砂駅,,,歩14分,京成押上線/京成立石駅,,,歩22分,https://img01.suumo.com/front/gazo/fr/bukken/439/100376070439/100376070439_gw.jpg,1.2,0.5～3.0ｍ未満,揺れやすい,やや高い,なし,区役所・青戸団地一帯,691.83460456,139.8516121 35.74708096,14.8万円,10000円,14.8万円,14.8万円,1SLDK,54.64m2,https://img01.suumo.com/front/gazo/fr/bukken/450/100376070450/100376070450_co.jpg
東京都葛飾区青戸６,東京都,葛飾区,139.858231,35.750206,ウィステリア青砥,京成押上線/青砥駅,,,歩8分,北総線/京成高砂駅,,,歩14分,京成押上線/京成立石駅,,,歩22分,https://img01.suumo.com/front/gazo/fr/bukken/439/100376070439/100376070439_gw.jpg,1.2,0.5～3.0ｍ未満,揺れやすい,やや高い,なし,区役所・青戸団地一帯,691.83460456,139.8516121 35.74708096,14.9万円,10000円,14.9万円,14.9万円,2LDK,58.04m2,https://img01.suumo.com/front/gazo/fr/bukken/514/100377747514/100377747514_co.jpg
東京都葛飾区青戸６,東京都,葛飾区,139.858231,35.750206,ウィステリア青砥,京成押上線/青砥駅,,,歩8分,北総線/京成高砂駅,,,歩14分,京成押上線/京成立石駅,,,歩22分,https://img01.suumo.com/front/gazo/fr/bukken/439/100376070439/100376070439_gw.jpg,1.2,0.5～3.0ｍ未満,揺れやすい,やや高い,なし,区役所・青戸団地一帯,691.83460456,139.8516121 35.74708096,14.9万円,10000円,14.9万円,14.9万円,2LDK,58.04m2,https://img01.suumo.com/front/gazo/fr/bukken/534/100377747534/100377747534_co.jpg
東京都葛飾区青戸６,東京都,葛飾区,139.858231,35.750206,ウィステリア青砥,京成押上線/青砥駅,,,歩8分,北総線/京成高砂駅,,,歩14分,京成押上線/京成立石駅,,,歩22分,https://img01.suumo.com/front/gazo/fr/bukken/439/100376070439/100376070439_gw.jpg,1.2,0.5～3.0ｍ未満,揺れやすい,やや高い,なし,区役所・青戸団地一帯,691.83460456,139.8516121 35.74708096,14.9万円,10000円,14.9万円,14.9万円,2LDK,57.5m2,https://img01.suumo.com/front/gazo/fr/bukken/510/100377747510/100377747510_co.jpg
東京都葛飾区青戸６,東京都,葛飾区,139.858231,35.750206,ウィステリア青砥,京成押上線/青砥駅,,,歩8分,北総線/京成高砂駅,,,歩14分,京成押上線/京成立石駅,,,歩22分,https://img01.suumo.com/front/gazo/fr/bukken/439/100376070439/100376070439_gw.jpg,1.2,0.5～3.0ｍ未満,揺れやすい,やや高い,なし,区役所・青戸団地一帯,691.83460456,139.8516121 35.74708096,14.9万円,10000円,14.9万円,14.9万円,1SLDK,54.64m2,https://img01.suumo.com/front/gazo/fr/bukken/448/100376070448/100376070448_co.jpg
東京都葛飾区青戸６,東京都,葛飾区,139.858231,35.750206,ウィステリア青砥,京成押上線/青砥駅,,,歩8分,北総線/京成高砂駅,,,歩14分,京成押上線/京成立石駅,,,歩22分,https://img01.suumo.com/front/gazo/fr/bukken/439/100376070439/100376070439_gw.jpg,1.2,0.5～3.0ｍ未満,揺れやすい,やや高い,なし,区役所・青戸団地一帯,691.83460456,139.8516121 35.74708096,15万円,10000円,15万円,15万円,2LDK,58.04m2,https://img01.suumo.com/front/gazo/fr/bukken/515/100377747515/100377747515_co.jpg
東京都葛飾区青戸６,東京都,葛飾区,139.858231,35.750206,ウィステリア青砥,京成押上線/青砥駅,,,歩8分,北総線/京成高砂駅,,,歩14分,京成押上線/京成立石駅,,,歩22分,https://img01.suumo.com/front/gazo/fr/bukken/439/100376070439/100376070439_gw.jpg,1.2,0.5～3.0ｍ未満,揺れやすい,やや高い,なし,区役所・青戸団地一帯,691.83460456,139.8516121 35.74708096,15万円,10000円,15万円,15万円,2LDK,57.5m2,https://img01.suumo.com/front/gazo/fr/bukken/521/100377747521/100377747521_co.jpg
東京都葛飾区青戸６,東京都,葛飾区,139.858231,35.750206,ウィステリア青砥,京成押上線/青砥駅,,,歩8分,北総線/京成高砂駅,,,歩14分,京成押上線/京成立石駅,,,歩22分,https://img01.suumo.com/front/gazo/fr/bukken/439/100376070439/100376070439_gw.jpg,1.2,0.5～3.0ｍ未満,揺れやすい,やや高い,なし,区役所・青戸団地一帯,691.83460456,139.8516121 35.74708096,15万円,10000円,15万円,15万円,1SLDK,54.64m2,https://img01.suumo.com/front/gazo/fr/bukken/456/100376070456/100376070456_co.jpg
東京都葛飾区青戸６,東京都,葛飾区,139.858231,35.750206,ウィステリア青砥,京成押上線/青砥駅,,,歩8分,北総線/京成高砂駅,,,歩14分,京成押上線/京成立石駅,,,歩22分,https://img01.suumo.com/front/gazo/fr/bukken/439/100376070439/100376070439_gw.jpg,1.2,0.5～3.0ｍ未満,揺れやすい,やや高い,なし,区役所・青戸団地一帯,691.83460456,139.8516121 35.74708096,15.1万円,10000円,15.1万円,15.1万円,2LDK,58.04m2,https://img01.suumo.com/front/gazo/fr/bukken/519/100377747519/100377747519_co.jpg
東京都葛飾区青戸６,東京都,葛飾区,139.858231,35.750206,ウィステリア青砥,京成押上線/青砥駅,,,歩8分,北総線/京成高砂駅,,,歩14分,京成押上線/京成立石駅,,,歩22分,https://img01.suumo.com/front/gazo/fr/bukken/439/100376070439/100376070439_gw.jpg,1.2,0.5～3.0ｍ未満,揺れやすい,やや高い,なし,区役所・青戸団地一帯,691.83460456,139.8516121 35.74708096,15.1万円,10000円,15.1万円,15.1万円,2LDK,57.5m2,https://img01.suumo.com/front/gazo/fr/bukken/460/100377747460/100377747460_co.jpg
東京都葛飾区青戸６,東京都,葛飾区,139.858231,35.750206,ウィステリア青砥,京成押上線/青砥駅,,,歩8分,北総線/京成高砂駅,,,歩14分,京成押上線/京成立石駅,,,歩22分,https://img01.suumo.com/front/gazo/fr/bukken/439/100376070439/100376070439_gw.jpg,1.2,0.5～3.0ｍ未満,揺れやすい,やや高い,なし,区役所・青戸団地一帯,691.83460456,139.8516121 35.74708096,15.1万円,10000円,15.1万円,15.1万円,1SLDK,54.64m2,https://img01.suumo.com/front/gazo/fr/bukken/461/100376070461/100376070461_co.jpg
東京都葛飾区青戸６,東京都,葛飾区,139.858231,35.750206,ウィステリア青砥,京成押上線/青砥駅,,,歩8分,北総線/京成高砂駅,,,歩14分,京成押上線/京成立石駅,,,歩22分,https://img01.suumo.com/front/gazo/fr/bukken/439/100376070439/100376070439_gw.jpg,1.2,0.5～3.0ｍ未満,揺れやすい,やや高い,なし,区役所・青戸団地一帯,691.83460456,139.8516121 35.74708096,15.2万円,10000円,15.2万円,15.2万円,1SLDK,54.64m2,https://img01.suumo.com/front/gazo/fr/bukken/462/100376070462/100376070462_co.jpg
東京都葛飾区青戸６,東京都,葛飾区,139.858231,35.750206,ウィステリア青砥,京成押上線/青砥駅,,,歩8分,北総線/京成高砂駅,,,歩14分,京成押上線/京成立石駅,,,歩22分,https://img01.suumo.com/front/gazo/fr/bukken/439/100376070439/100376070439_gw.jpg,1.2,0.5～3.0ｍ未満,揺れやすい,やや高い,なし,区役所・青戸団地一帯,691.83460456,139.8516121 35.74708096,15.3万円,10000円,15.3万円,15.3万円,2LDK,58.04m2,https://img01.suumo.com/front/gazo/fr/bukken/465/100376070465/100376070465_co.jpg
東京都葛飾区青戸６,東京都,葛飾区,139.858231,35.750206,ウィステリア青砥,京成押上線/青砥駅,,,歩8分,北総線/京成高砂駅,,,歩14分,京成押上線/京成立石駅,,,歩22分,https://img01.suumo.com/front/gazo/fr/bukken/439/100376070439/100376070439_gw.jpg,1.2,0.5～3.0ｍ未満,揺れやすい,やや高い,なし,区役所・青戸団地一帯,691.83460456,139.8516121 35.74708096,15.3万円,10000円,15.3万円,15.3万円,1SLDK,54.64m2,https://img01.suumo.com/front/gazo/fr/bukken/467/100376070467/100376070467_co.jpg
東京都葛飾区青戸６,東京都,葛飾区,139.858231,35.750206,ウィステリア青砥,京成押上線/青砥駅,,,歩8分,北総線/京成高砂駅,,,歩14分,京成押上線/京成立石駅,,,歩22分,https://img01.suumo.com/front/gazo/fr/bukken/439/100376070439/100376070439_gw.jpg,1.2,0.5～3.0ｍ未満,揺れやすい,やや高い,なし,区役所・青戸団地一帯,691.83460456,139.8516121 35.74708096,15.4万円,10000円,15.4万円,15.4万円,2LDK,58.04m2,https://img01.suumo.com/front/gazo/fr/bukken/975/100377744975/100377744975_co.jpg
東京都葛飾区青戸６,東京都,葛飾区,139.858231,35.750206,ウィステリア青砥,京成押上線/青砥駅,,,歩8分,北総線/京成高砂駅,,,歩14分,京成押上線/京成立石駅,,,歩22分,https://img01.suumo.com/front/gazo/fr/bukken/439/100376070439/100376070439_gw.jpg,1.2,0.5～3.0ｍ未満,揺れやすい,やや高い,なし,区役所・青戸団地一帯,691.83460456,139.8516121 35.74708096,15.4万円,10000円,15.4万円,15.4万円,2LDK,57.5m2,https://img01.suumo.com/front/gazo/fr/bukken/487/100377747487/100377747487_co.jpg
東京都葛飾区青戸６,東京都,葛飾区,139.858231,35.750206,ウィステリア青砥,京成押上線/青砥駅,,,歩8分,北総線/京成高砂駅,,,歩14分,京成押上線/京成立石駅,,,歩22分,https://img01.suumo.com/front/gazo/fr/bukken/439/100376070439/100376070439_gw.jpg,1.2,0.5～3.0ｍ未満,揺れやすい,やや高い,なし,区役所・青戸団地一帯,691.83460456,139.8516121 35.74708096,15.4万円,10000円,15.4万円,15.4万円,1SLDK,54.64m2,https://img01.suumo.com/front/gazo/fr/bukken/460/100376070460/100376070460_co.jpg
東京都葛飾区青戸６,東京都,葛飾区,139.858231,35.750206,ウィステリア青砥,京成押上線/青砥駅,,,歩8分,北総線/京成高砂駅,,,歩14分,京成押上線/京成立石駅,,,歩22分,https://img01.suumo.com/front/gazo/fr/bukken/439/100376070439/100376070439_gw.jpg,1.2,0.5～3.0ｍ未満,揺れやすい,やや高い,なし,区役所・青戸団地一帯,691.83460456,139.8516121 35.74708096,15.5万円,10000円,15.5万円,15.5万円,2LDK,58.04m2,https://img01.suumo.com/front/gazo/fr/bukken/443/100376070443/100376070443_co.jpg
東京都葛飾区青戸６,東京都,葛飾区,139.858231,35.750206,ウィステリア青砥,京成押上線/青砥駅,,,歩8分,北総線/京成高砂駅,,,歩14分,京成押上線/京成立石駅,,,歩22分,https://img01.suumo.com/front/gazo/fr/bukken/439/100376070439/100376070439_gw.jpg,1.2,0.5～3.0ｍ未満,揺れやすい,やや高い,なし,区役所・青戸団地一帯,691.83460456,139.8516121 35.74708096,15.5万円,10000円,15.5万円,15.5万円,2LDK,57.5m2,https://img01.suumo.com/front/gazo/fr/bukken/501/100377747501/100377747501_co.jpg
東京都葛飾区青戸６,東京都,葛飾区,139.858231,35.750206,ウィステリア青砥,京成押上線/青砥駅,,,歩8分,北総線/京成高砂駅,,,歩14分,京成押上線/京成立石駅,,,歩22分,https://img01.suumo.com/front/gazo/fr/bukken/439/100376070439/100376070439_gw.jpg,1.2,0.5～3.0ｍ未満,揺れやすい,やや高い,なし,区役所・青戸団地一帯,691.83460456,139.8516121 35.74708096,15.5万円,10000円,15.5万円,15.5万円,1SLDK,54.64m2,https://img01.suumo.com/front/gazo/fr/bukken/703/100376541703/100376541703_co.jpg
東京都葛飾区青戸６,東京都,葛飾区,139.858231,35.750206,ウィステリア青砥,京成押上線/青砥駅,,,歩8分,北総線/京成高砂駅,,,歩14分,京成押上線/京成立石駅,,,歩22分,https://img01.suumo.com/front/gazo/fr/bukken/439/100376070439/100376070439_gw.jpg,1.2,0.5～3.0ｍ未満,揺れやすい,やや高い,なし,区役所・青戸団地一帯,691.83460456,139.8516121 35.74708096,15.6万円,10000円,15.6万円,15.6万円,2LDK,58.04m2,https://img01.suumo.com/front/gazo/fr/bukken/482/100376070482/100376070482_co.jpg
東京都葛飾区青戸６,東京都,葛飾区,139.858231,35.750206,ウィステリア青砥,京成押上線/青砥駅,,,歩8分,北総線/京成高砂駅,,,歩14分,京成押上線/京成立石駅,,,歩22分,https://img01.suumo.com/front/gazo/fr/bukken/439/100376070439/100376070439_gw.jpg,1.2,0.5～3.0ｍ未満,揺れやすい,やや高い,なし,区役所・青戸団地一帯,691.83460456,139.8516121 35.74708096,15.6万円,10000円,15.6万円,15.6万円,2LDK,57.5m2,https://img01.suumo.com/front/gazo/fr/bukken/439/100376070439/100376070439_co.jpg
東京都葛飾区青戸６,東京都,葛飾区,139.858231,35.750206,ウィステリア青砥,京成押上線/青砥駅,,,歩8分,北総線/京成高砂駅,,,歩14分,京成押上線/京成立石駅,,,歩22分,https://img01.suumo.com/front/gazo/fr/bukken/439/100376070439/100376070439_gw.jpg,1.2,0.5～3.0ｍ未満,揺れやすい,やや高い,なし,区役所・青戸団地一帯,691.83460456,139.8516121 35.74708096,15.6万円,10000円,15.6万円,15.6万円,1SLDK,54.64m2,https://img01.suumo.com/front/gazo/fr/bukken/936/100376309936/100376309936_co.jpg
東京都葛飾区青戸６,東京都,葛飾区,139.858231,35.750206,ウィステリア青砥,京成押上線/青砥駅,,,歩8分,北総線/京成高砂駅,,,歩14分,京成押上線/京成立石駅,,,歩22分,https://img01.suumo.com/front/gazo/fr/bukken/439/100376070439/100376070439_gw.jpg,1.2,0.5～3.0ｍ未満,揺れやすい,やや高い,なし,区役所・青戸団地一帯,691.83460456,139.8516121 35.74708096,15.7万円,10000円,15.7万円,15.7万円,2LDK,58.04m2,https://img01.suumo.com/front/gazo/fr/bukken/074/100377655074/100377655074_co.jpg
東京都葛飾区青戸６,東京都,葛飾区,139.858231,35.750206,ウィステリア青砥,京成押上線/青砥駅,,,歩8分,北総線/京成高砂駅,,,歩14分,京成押上線/京成立石駅,,,歩22分,https://img01.suumo.com/front/gazo/fr/bukken/439/100376070439/100376070439_gw.jpg,1.2,0.5～3.0ｍ未満,揺れやすい,やや高い,なし,区役所・青戸団地一帯,691.83460456,139.8516121 35.74708096,15.7万円,10000円,15.7万円,15.7万円,2LDK,57.5m2,https://img01.suumo.com/front/gazo/fr/bukken/792/100377938792/100377938792_co.jpg
東京都葛飾区青戸６,東京都,葛飾区,139.858231,35.750206,ウィステリア青砥,京成押上線/青砥駅,,,歩8分,北総線/京成高砂駅,,,歩14分,京成押上線/京成立石駅,,,歩22分,https://img01.suumo.com/front/gazo/fr/bukken/439/100376070439/100376070439_gw.jpg,1.2,0.5～3.0ｍ未満,揺れやすい,やや高い,なし,区役所・青戸団地一帯,691.83460456,139.8516121 35.74708096,15.7万円,10000円,15.7万円,15.7万円,2LDK,57.5m2,https://img01.suumo.com/front/gazo/fr/bukken/492/100377747492/100377747492_co.jpg
東京都葛飾区青戸６,東京都,葛飾区,139.858231,35.750206,ウィステリア青砥,京成押上線/青砥駅,,,歩8分,北総線/京成高砂駅,,,歩14分,京成押上線/京成立石駅,,,歩22分,https://img01.suumo.com/front/gazo/fr/bukken/439/100376070439/100376070439_gw.jpg,1.2,0.5～3.0ｍ未満,揺れやすい,やや高い,なし,区役所・青戸団地一帯,691.83460456,139.8516121 35.74708096,15.8万円,10000円,15.8万円,15.8万円,2LDK,58.04m2,https://img01.suumo.com/front/gazo/fr/bukken/002/100376542002/100376542002_co.jpg
東京都葛飾区青戸６,東京都,葛飾区,139.858231,35.750206,ウィステリア青砥,京成押上線/青砥駅,,,歩8分,北総線/京成高砂駅,,,歩14分,京成押上線/京成立石駅,,,歩22分,https://img01.suumo.com/front/gazo/fr/bukken/439/100376070439/100376070439_gw.jpg,1.2,0.5～3.0ｍ未満,揺れやすい,やや高い,なし,区役所・青戸団地一帯,691.83460456,139.8516121 35.74708096,15.8万円,10000円,15.8万円,15.8万円,2LDK,57.5m2,https://img01.suumo.com/front/gazo/fr/bukken/498/100377747498/100377747498_co.jpg
東京都葛飾区青戸６,東京都,葛飾区,139.858231,35.750206,ウィステリア青砥,京成押上線/青砥駅,,,歩8分,北総線/京成高砂駅,,,歩14分,京成押上線/京成立石駅,,,歩22分,https://img01.suumo.com/front/gazo/fr/bukken/439/100376070439/100376070439_gw.jpg,1.2,0.5～3.0ｍ未満,揺れやすい,やや高い,なし,区役所・青戸団地一帯,691.83460456,139.8516121 35.74708096,15.9万円,10000円,15.9万円,15.9万円,2LDK,58.04m2,https://img01.suumo.com/front/gazo/fr/bukken/081/100377655081/100377655081_co.jpg
東京都葛飾区青戸６,東京都,葛飾区,139.858231,35.750206,ウィステリア青砥,京成押上線/青砥駅,,,歩8分,北総線/京成高砂駅,,,歩14分,京成押上線/京成立石駅,,,歩22分,https://img01.suumo.com/front/gazo/fr/bukken/439/100376070439/100376070439_gw.jpg,1.2,0.5～3.0ｍ未満,揺れやすい,やや高い,なし,区役所・青戸団地一帯,691.83460456,139.8516121 35.74708096,15.9万円,10000円,15.9万円,15.9万円,2LDK,58.04m2,/edit/assets/suumo/img/mycondition_now_printing.png
東京都葛飾区青戸６,東京都,葛飾区,139.858231,35.750206,ウィステリア青砥,京成押上線/青砥駅,,,歩8分,北総線/京成高砂駅,,,歩14分,京成押上線/京成立石駅,,,歩22分,https://img01.suumo.com/front/gazo/fr/bukken/439/100376070439/100376070439_gw.jpg,1.2,0.5～3.0ｍ未満,揺れやすい,やや高い,なし,区役所・青戸団地一帯,691.83460456,139.8516121 35.74708096,15.9万円,10000円,15.9万円,15.9万円,2LDK,57.5m2,https://img01.suumo.com/front/gazo/fr/bukken/445/100376070445/100376070445_co.jpg
東京都葛飾区青戸６,東京都,葛飾区,139.858231,35.750206,ウィステリア青砥,京成押上線/青砥駅,,,歩8分,北総線/京成高砂駅,,,歩14分,京成押上線/京成立石駅,,,歩22分,https://img01.suumo.com/front/gazo/fr/bukken/439/100376070439/100376070439_gw.jpg,1.2,0.5～3.0ｍ未満,揺れやすい,やや高い,なし,区役所・青戸団地一帯,691.83460456,139.8516121 35.74708096,16万円,10000円,16万円,16万円,2LDK,58.04m2,https://img01.suumo.com/front/gazo/fr/bukken/073/100377655073/100377655073_co.jpg
東京都葛飾区青戸６,東京都,葛飾区,139.858231,35.750206,ウィステリア青砥,京成押上線/青砥駅,,,歩8分,北総線/京成高砂駅,,,歩14分,京成押上線/京成立石駅,,,歩22分,https://img01.suumo.com/front/gazo/fr/bukken/439/100376070439/100376070439_gw.jpg,1.2,0.5～3.0ｍ未満,揺れやすい,やや高い,なし,区役所・青戸団地一帯,691.83460456,139.8516121 35.74708096,16万円,10000円,16万円,16万円,2LDK,57.5m2,https://img01.suumo.com/front/gazo/fr/bukken/454/100376070454/100376070454_co.jpg
東京都葛飾区青戸６,東京都,葛飾区,139.858231,35.750206,ウィステリア青砥,京成押上線/青砥駅,,,歩8分,北総線/京成高砂駅,,,歩14分,京成押上線/京成立石駅,,,歩22分,https://img01.suumo.com/front/gazo/fr/bukken/439/100376070439/100376070439_gw.jpg,1.2,0.5～3.0ｍ未満,揺れやすい,やや高い,なし,区役所・青戸団地一帯,691.83460456,139.8516121 35.74708096,16.1万円,10000円,16.1万円,16.1万円,2LDK,58.04m2,https://img01.suumo.com/front/gazo/fr/bukken/490/100376070490/100376070490_co.jpg
東京都葛飾区青戸６,東京都,葛飾区,139.858231,35.750206,ウィステリア青砥,京成押上線/青砥駅,,,歩8分,北総線/京成高砂駅,,,歩14分,京成押上線/京成立石駅,,,歩22分,https://img01.suumo.com/front/gazo/fr/bukken/439/100376070439/100376070439_gw.jpg,1.2,0.5～3.0ｍ未満,揺れやすい,やや高い,なし,区役所・青戸団地一帯,691.83460456,139.8516121 35.74708096,16.1万円,10000円,16.1万円,16.1万円,2LDK,57.5m2,https://img01.suumo.com/front/gazo/fr/bukken/458/100376070458/100376070458_co.jpg
東京都葛飾区青戸６,東京都,葛飾区,139.858231,35.750206,ウィステリア青砥,京成押上線/青砥駅,,,歩8分,北総線/京成高砂駅,,,歩14分,京成押上線/京成立石駅,,,歩22分,https://img01.suumo.com/front/gazo/fr/bukken/439/100376070439/100376070439_gw.jpg,1.2,0.5～3.0ｍ未満,揺れやすい,やや高い,なし,区役所・青戸団地一帯,691.83460456,139.8516121 35.74708096,16.2万円,10000円,16.2万円,16.2万円,2LDK,58.04m2,https://img01.suumo.com/front/gazo/fr/bukken/470/100376070470/100376070470_co.jpg
東京都葛飾区青戸６,東京都,葛飾区,139.858231,35.750206,ウィステリア青砥,京成押上線/青砥駅,,,歩8分,北総線/京成高砂駅,,,歩14分,京成押上線/京成立石駅,,,歩22分,https://img01.suumo.com/front/gazo/fr/bukken/439/100376070439/100376070439_gw.jpg,1.2,0.5～3.0ｍ未満,揺れやすい,やや高い,なし,区役所・青戸団地一帯,691.83460456,139.8516121 35.74708096,16.2万円,10000円,16.2万円,16.2万円,2LDK,57.5m2,https://img01.suumo.com/front/gazo/fr/bukken/467/100377747467/100377747467_co.jpg
東京都荒川区東日暮里３,東京都,荒川区,139.781235,35.730515,ハイムアイエスディ,ＪＲ常磐線/三河島駅,,,歩4分,都電荒川線/荒川区役所前駅,,,歩11分,京成本線/新三河島駅,,,歩12分,https://img01.suumo.com/front/gazo/fr/bukken/102/100378731102/100378731102_gw.jpg,1.9,3.0～5.0ｍ未満,揺れやすい,やや高い,なし,夕やけこやけふれあい館,62.48951284,139.781378 35.729964,9万円,5000円,9万円,-,2DK,36m2,https://img01.suumo.com/front/gazo/fr/bukken/102/100378731102/100378731102_co.jpg
東京都葛飾区四つ木３,東京都,葛飾区,139.830582,35.735706,Ｋｏｌｅｔ四ツ木０７,京成押上線/四ツ木駅,,,歩8分,京成押上線/八広駅,,,歩17分,,,,,https://img01.suumo.com/front/gazo/fr/bukken/296/100370879296/100370879296_gw.jpg,-0.4,3.0～5.0ｍ未満,揺れやすい,やや高い,なし,新四ツ木橋地区東岸,404.68258184,139.8314065 35.73212119,23.8万円,-,23.8万円,23.8万円,3SLDK,92.84m2,https://img01.suumo.com/front/gazo/fr/bukken/872/100374222872/100374222872_co.jpg
東京都葛飾区四つ木３,東京都,葛飾区,139.830582,35.735706,Ｋｏｌｅｔ四ツ木０７,京成押上線/四ツ木駅,,,歩8分,京成押上線/八広駅,,,歩17分,,,,,https://img01.suumo.com/front/gazo/fr/bukken/296/100370879296/100370879296_gw.jpg,-0.4,3.0～5.0ｍ未満,揺れやすい,やや高い,なし,新四ツ木橋地区東岸,404.68258184,139.8314065 35.73212119,23.8万円,-,23.8万円,23.8万円,3SLDK,92.84m2,https://img01.suumo.com/front/gazo/fr/bukken/296/100370879296/100370879296_co.jpg
東京都葛飾区四つ木３,東京都,葛飾区,139.830582,35.735706,Ｋｏｌｅｔ四ツ木０７,京成押上線/四ツ木駅,,,歩8分,京成押上線/八広駅,,,歩17分,,,,,https://img01.suumo.com/front/gazo/fr/bukken/296/100370879296/100370879296_gw.jpg,-0.4,3.0～5.0ｍ未満,揺れやすい,やや高い,なし,新四ツ木橋地区東岸,404.68258184,139.8314065 35.73212119,23.8万円,-,23.8万円,23.8万円,3SLDK,92.84m2,https://img01.suumo.com/front/gazo/fr/bukken/368/100359656368/100359656368_co.jpg
東京都葛飾区柴又５,東京都,葛飾区,139.883499,35.752319,クレイノNSII,北総線/新柴又駅,,,歩7分,京成金町線/柴又駅,,,歩11分,ＪＲ総武線/小岩駅,バス16分,(バス停)柴又小学校,(バス停)柴又小学校,https://img01.suumo.com/front/gazo/fr/bukken/748/100379378748/100379378748_gw.jpg,2.8,3.0～5.0ｍ未満,揺れやすい,やや高い,なし,上小岩二小,606.31543925,139.8869597 35.74763896,7.4万円,5500円,-,7.4万円,1K,26.08m2,https://img01.suumo.com/front/gazo/fr/bukken/748/100379378748/100379378748_co.jpg
東京都荒川区東尾久５,東京都,荒川区,139.767761,35.747467,プラカーサ,日暮里・舎人ライナー/熊野前駅,,,歩5分,日暮里・舎人ライナー/赤土小学校前駅,,,歩9分,日暮里・舎人ライナー/足立小台駅,,,歩12分,https://img01.suumo.com/front/gazo/fr/bukken/072/100378978072/100378978072_gw.jpg,1.9,3.0～5.0ｍ未満,揺れやすい,やや高い,なし,尾久小学校,97.33282377,139.768811 35.747275,7.8万円,3000円,7.8万円,7.8万円,1K,24.48m2,https://img01.suumo.com/front/gazo/fr/bukken/072/100378978072/100378978072_co.jpg
東京都葛飾区東立石２,東京都,葛飾区,139.846832,35.733364,京成押上線 京成立石駅 5階建 築7年,京成押上線/京成立石駅,,,歩8分,京成押上線/四ツ木駅,,,歩14分,京成本線/お花茶屋駅,,,歩26分,https://img01.suumo.com/front/gazo/fr/bukken/411/100379040411/100379040411_gw.jpg,-1.1,5.0～10.0ｍ未満,揺れやすい,やや高い,なし,新四ツ木橋地区東岸,1402.2939558,139.8314065 35.73212119,7万円,10000円,-,7万円,1K,21.31m2,https://img01.suumo.com/front/gazo/fr/bukken/411/100379040411/100379040411_co.jpg
東京都葛飾区西亀有３,東京都,葛飾区,139.83934,35.761562,アクロポリス亀有,ＪＲ常磐線/亀有駅,,,歩9分,東京メトロ千代田線/綾瀬駅,,,歩19分,,,,,https://img01.suumo.com/front/gazo/fr/bukken/729/100332429729/100332429729_gw.jpg,0.1,3.0～5.0ｍ未満,揺れやすい,やや高い,なし,上千葉砂原公園一帯,471.6719586,139.8415434 35.75770896,8万円,5000円,8万円,-,1DK,33.11m2,https://img01.suumo.com/front/gazo/fr/bukken/596/100375907596/100375907596_co.jpg
東京都葛飾区西亀有３,東京都,葛飾区,139.83934,35.761562,アクロポリス亀有,ＪＲ常磐線/亀有駅,,,歩9分,東京メトロ千代田線/綾瀬駅,,,歩19分,,,,,https://img01.suumo.com/front/gazo/fr/bukken/729/100332429729/100332429729_gw.jpg,0.1,3.0～5.0ｍ未満,揺れやすい,やや高い,なし,上千葉砂原公園一帯,471.6719586,139.8415434 35.75770896,8.7万円,5000円,17.4万円,8.7万円,1DK,33.1m2,https://img01.suumo.com/front/gazo/fr/bukken/729/100332429729/100332429729_co.jpg
東京都葛飾区西亀有３,東京都,葛飾区,139.83934,35.761562,アクロポリス亀有,ＪＲ常磐線/亀有駅,,,歩9分,東京メトロ千代田線/綾瀬駅,,,歩19分,,,,,https://img01.suumo.com/front/gazo/fr/bukken/729/100332429729/100332429729_gw.jpg,0.1,3.0～5.0ｍ未満,揺れやすい,やや高い,なし,上千葉砂原公園一帯,471.6719586,139.8415434 35.75770896,9.5万円,5000円,9.5万円,9.5万円,1LDK,33.11m2,https://img01.suumo.com/front/gazo/fr/bukken/479/100320577479/100320577479_co.jpg
東京都荒川区東日暮里２,東京都,荒川区,139.785187,35.729988,東京メトロ日比谷線 三ノ輪駅 8階建 築13年,東京メトロ日比谷線/三ノ輪駅,,,歩11分,ＪＲ常磐線/三河島駅,,,歩10分,都電荒川線/荒川区役所前駅,,,歩5分,https://img01.suumo.com/front/gazo/fr/bukken/245/100370712245/100370712245_gw.jpg,1.9,3.0～5.0ｍ未満,揺れやすい,やや高い,なし,夕やけこやけふれあい館,344.61071865,139.781378 35.729964,8.5万円,14000円,-,8.5万円,1K,25.82m2,https://img01.suumo.com/front/gazo/fr/bukken/380/100373135380/100373135380_co.jpg
東京都荒川区東日暮里２,東京都,荒川区,139.785187,35.729988,東京メトロ日比谷線 三ノ輪駅 8階建 築13年,東京メトロ日比谷線/三ノ輪駅,,,歩11分,ＪＲ常磐線/三河島駅,,,歩10分,都電荒川線/荒川区役所前駅,,,歩5分,https://img01.suumo.com/front/gazo/fr/bukken/245/100370712245/100370712245_gw.jpg,1.9,3.0～5.0ｍ未満,揺れやすい,やや高い,なし,夕やけこやけふれあい館,344.61071865,139.781378 35.729964,11万円,14000円,-,11万円,1DK,35.2m2,https://img01.suumo.com/front/gazo/fr/bukken/245/100370712245/100370712245_co.jpg
東京都荒川区東日暮里２,東京都,荒川区,139.785187,35.729988,スカイラグーナ,東京メトロ日比谷線/三ノ輪駅,,,歩11分,ＪＲ常磐線/三河島駅,,,歩10分,都電荒川線/荒川区役所前駅,,,歩6分,https://img01.suumo.com/front/gazo/fr/bukken/190/100372540190/100372540190_gw.jpg,1.9,3.0～5.0ｍ未満,揺れやすい,やや高い,なし,夕やけこやけふれあい館,344.61071865,139.781378 35.729964,8.5万円,14000円,-,8.5万円,1K,25.82m2,https://img01.suumo.com/front/gazo/fr/bukken/075/100372936075/100372936075_co.jpg
東京都荒川区東日暮里２,東京都,荒川区,139.785187,35.729988,スカイラグーナ,東京メトロ日比谷線/三ノ輪駅,,,歩11分,ＪＲ常磐線/三河島駅,,,歩10分,都電荒川線/荒川区役所前駅,,,歩6分,https://img01.suumo.com/front/gazo/fr/bukken/190/100372540190/100372540190_gw.jpg,1.9,3.0～5.0ｍ未満,揺れやすい,やや高い,なし,夕やけこやけふれあい館,344.61071865,139.781378 35.729964,11万円,14000円,-,11万円,1DK,35.2m2,https://img01.suumo.com/front/gazo/fr/bukken/190/100372540190/100372540190_co.jpg
東京都葛飾区お花茶屋３,東京都,葛飾区,139.841782,35.754478,ラポールお花茶屋,京成本線/お花茶屋駅,,,歩12分,ＪＲ常磐線/亀有駅,,,歩21分,京成本線/堀切菖蒲園駅,,,歩23分,https://img01.suumo.com/front/gazo/fr/bukken/574/100379186574/100379186574_gw.jpg,-0.5,3.0～5.0ｍ未満,揺れやすい,やや高い,なし,上千葉砂原公園一帯,359.13838983,139.8415434 35.75770896,8.5万円,-,-,8.5万円,3DK,50.22m2,https://img01.suumo.com/front/gazo/fr/bukken/574/100379186574/100379186574_co.jpg
東京都足立区扇１,東京都,足立区,139.774261,35.762367,さくらアパートメント,日暮里・舎人ライナー/扇大橋駅,,,歩7分,日暮里・舎人ライナー/高野駅,,,歩13分,ＪＲ常磐線/北千住駅,バス21分,(バス停)本木小学校,(バス停)本木小学校,https://img01.suumo.com/front/gazo/fr/bukken/056/100379379056/100379379056_gw.jpg,1.3,3.0～5.0ｍ未満,揺れやすい,やや高い,なし,原中学校,1337.52439051,139.779438 35.751075,13.1万円,5800円,-,13.1万円,2LDK,53.21m2,https://img01.suumo.com/front/gazo/fr/bukken/056/100379379056/100379379056_co.jpg
東京都足立区青井４,東京都,足立区,139.819687,35.774982,CASA AZUL,つくばエクスプレス/青井駅,,,歩6分,東京メトロ千代田線/北綾瀬駅,,,歩15分,東武伊勢崎線/五反野駅,バス6分,(バス停)青井五丁目,(バス停)青井五丁目,https://img01.suumo.com/front/gazo/fr/bukken/961/100378965961/100378965961_gw.jpg,-0.4,3.0～5.0ｍ未満,揺れやすい,やや高い,なし,区立青井小中学校・都営青井三丁目アパート一帯,12.07190538,139.819818 35.775003,9.4万円,3000円,9.4万円,-,2DK,37.38m2,https://img01.suumo.com/front/gazo/fr/bukken/114/100379123114/100379123114_co.jpg
東京都足立区青井４,東京都,足立区,139.819687,35.774982,CASA AZUL,つくばエクスプレス/青井駅,,,歩6分,東京メトロ千代田線/北綾瀬駅,,,歩15分,東武伊勢崎線/五反野駅,バス6分,(バス停)青井五丁目,(バス停)青井五丁目,https://img01.suumo.com/front/gazo/fr/bukken/961/100378965961/100378965961_gw.jpg,-0.4,3.0～5.0ｍ未満,揺れやすい,やや高い,なし,区立青井小中学校・都営青井三丁目アパート一帯,12.07190538,139.819818 35.775003,9.5万円,3000円,9.5万円,-,2DK,37.38m2,https://img01.suumo.com/front/gazo/fr/bukken/961/100378965961/100378965961_co.jpg
東京都荒川区荒川７,東京都,荒川区,139.782242,35.741608,東京メトロ千代田線 町屋駅 2階建 築24年,東京メトロ千代田線/町屋駅,,,歩2分,京成本線/町屋駅,,,歩3分,都電荒川線/町屋駅前駅,,,歩4分,https://img01.suumo.com/front/gazo/fr/bukken/462/100379326462/100379326462_gw.jpg,1.9,3.0～5.0ｍ未満,揺れやすい,やや高い,なし,荒川山吹ふれあい館,184.3760345,139.7839561 35.74250718,10.4万円,3000円,10.4万円,-,2DK,39.75m2,https://img01.suumo.com/front/gazo/fr/bukken/462/100379326462/100379326462_co.jpg
東京都荒川区荒川７,東京都,荒川区,139.782242,35.741608,ツイン,東京メトロ千代田線/町屋駅,,,歩2分,京成本線/新三河島駅,,,歩12分,ＪＲ常磐線/三河島駅,,,歩14分,https://img01.suumo.com/front/gazo/fr/bukken/785/100379211785/100379211785_gw.jpg,1.9,3.0～5.0ｍ未満,揺れやすい,やや高い,なし,荒川山吹ふれあい館,184.3760345,139.7839561 35.74250718,10.4万円,3000円,10.4万円,-,2DK,39.75m2,https://img01.suumo.com/front/gazo/fr/bukken/785/100379211785/100379211785_co.jpg
東京都葛飾区青戸１,東京都,葛飾区,139.856033,35.743248,京成押上線 青砥駅 4階建 築5年,京成押上線/青砥駅,,,歩5分,京成押上線/京成立石駅,,,歩14分,京成本線/京成高砂駅,,,歩19分,https://img01.suumo.com/front/gazo/fr/bukken/636/100379310636/100379310636_gw.jpg,0.0,3.0～5.0ｍ未満,揺れやすい,やや高い,なし,区役所・青戸団地一帯,583.75715111,139.8516121 35.74708096,7.6万円,4000円,7.6万円,7.6万円,1K,26.64m2,https://img01.suumo.com/front/gazo/fr/bukken/636/100379310636/100379310636_co.jpg
東京都葛飾区青戸１,東京都,葛飾区,139.856033,35.743248,スカイグランデ青戸,京成本線/青砥駅,,,歩6分,京成押上線/京成立石駅,,,歩12分,京成本線/京成高砂駅,,,歩20分,https://img01.suumo.com/front/gazo/fr/bukken/327/100379314327/100379314327_gw.jpg,0.0,3.0～5.0ｍ未満,揺れやすい,やや高い,なし,区役所・青戸団地一帯,583.75715111,139.8516121 35.74708096,7.6万円,4000円,7.6万円,7.6万円,1K,26.64m2,https://img01.suumo.com/front/gazo/fr/bukken/327/100379314327/100379314327_co.jpg
東京都葛飾区高砂２,東京都,葛飾区,139.865173,35.74789,さくら・メゾンソレイユ,京成本線/京成高砂駅,,,歩6分,京成本線/青砥駅,,,歩14分,,,,,https://img01.suumo.com/front/gazo/fr/bukken/576/100379301576/100379301576_gw.jpg,1.4,0.5～3.0ｍ未満,揺れやすい,やや高い,なし,都営高砂団地一帯,670.51203933,139.8725068 35.7487717,7.45万円,3300円,-,10万円,1K,30.93m2,https://img01.suumo.com/front/gazo/fr/bukken/576/100379301576/100379301576_co.jpg
東京都荒川区西日暮里６,東京都,荒川区,139.769455,35.736172,ロイヤルハイツフジ,ＪＲ山手線/西日暮里駅,,,歩7分,京成本線/新三河島駅,,,歩8分,ＪＲ山手線/日暮里駅,,,歩14分,https://img01.suumo.com/front/gazo/fr/bukken/631/100379349631/100379349631_gw.jpg,3.8,0.5～3.0ｍ未満,揺れやすい,やや高い,なし,第六日暮里小学校,69.53214847,139.7696909 35.73557557,8.2万円,4000円,8.2万円,8.2万円,1LDK,34.84m2,https://img01.suumo.com/front/gazo/fr/bukken/631/100379349631/100379349631_co.jpg
東京都荒川区東日暮里２,東京都,荒川区,139.785187,35.729988,ジーベック東日暮里ノース,東京メトロ日比谷線/三ノ輪駅,,,歩9分,都電荒川線/三ノ輪橋駅,,,歩8分,,,,,https://img01.suumo.com/front/gazo/fr/bukken/666/100374726666/100374726666_gw.jpg,1.9,3.0～5.0ｍ未満,揺れやすい,やや高い,なし,夕やけこやけふれあい館,344.61071865,139.781378 35.729964,8.7万円,15000円,-,8.7万円,ワンルーム,25.49m2,https://img01.suumo.com/front/gazo/fr/bukken/666/100374726666/100374726666_co.jpg
東京都荒川区東日暮里２,東京都,荒川区,139.785187,35.729988,ジーベック東日暮里ノース,東京メトロ日比谷線/三ノ輪駅,,,歩9分,都電荒川線/三ノ輪橋駅,,,歩8分,,,,,https://img01.suumo.com/front/gazo/fr/bukken/666/100374726666/100374726666_gw.jpg,1.9,3.0～5.0ｍ未満,揺れやすい,やや高い,なし,夕やけこやけふれあい館,344.61071865,139.781378 35.729964,9.1万円,15000円,9.1万円,9.1万円,ワンルーム,25.49m2,https://img01.suumo.com/front/gazo/fr/bukken/170/100377154170/100377154170_co.jpg
東京都足立区関原３,東京都,足立区,139.788712,35.771744,クーラクー D棟,東武伊勢崎線/西新井駅,,,歩8分,東武伊勢崎線/梅島駅,,,歩13分,ＪＲ常磐線/北千住駅,バス22分,(バス停)関原三丁目,(バス停)関原三丁目,https://img01.suumo.com/front/gazo/fr/bukken/994/100379378994/100379378994_gw.jpg,0.6,3.0～5.0ｍ未満,揺れやすい,やや高い,なし,西新井駅西口地区一帯,272.5645018,139.78715 35.773845,13.6万円,6000円,-,20.4万円,2LDK,53.9m2,https://img01.suumo.com/front/gazo/fr/bukken/994/100379378994/100379378994_co.jpg
東京都足立区関原３,東京都,足立区,139.788712,35.771744,クーラクー D棟,東武伊勢崎線/西新井駅,,,歩8分,東武伊勢崎線/梅島駅,,,歩13分,ＪＲ常磐線/北千住駅,バス22分,(バス停)関原三丁目,(バス停)関原三丁目,https://img01.suumo.com/front/gazo/fr/bukken/994/100379378994/100379378994_gw.jpg,0.6,3.0～5.0ｍ未満,揺れやすい,やや高い,なし,西新井駅西口地区一帯,272.5645018,139.78715 35.773845,14万円,6000円,-,28万円,2LDK,53.9m2,https://img01.suumo.com/front/gazo/fr/bukken/173/100375888173/100375888173_co.jpg
東京都荒川区東尾久１,東京都,荒川区,139.771347,35.739967,ルオータ,ＪＲ山手線/田端駅,,,歩11分,日暮里・舎人ライナー/赤土小学校前駅,,,歩3分,ＪＲ山手線/西日暮里駅,,,歩12分,https://img01.suumo.com/front/gazo/fr/bukken/657/100379381657/100379381657_gw.jpg,3.3,0.5～3.0ｍ未満,揺れやすい,やや高い,なし,第九中学校,385.63285814,139.772874 35.743212,7.6万円,2000円,7.6万円,-,1K,27.9m2,https://img01.suumo.com/front/gazo/fr/bukken/657/100379381657/100379381657_co.jpg
東京都荒川区南千住３,東京都,荒川区,139.807022,35.731232,レジディア南千住,東京メトロ日比谷線/南千住駅,,,歩9分,ＪＲ常磐線/南千住駅,,,歩9分,つくばエクスプレス/南千住駅,,,歩9分,https://img01.suumo.com/front/gazo/fr/bukken/320/100299923320/100299923320_gw.jpg,0.9,3.0～5.0ｍ未満,揺れやすい,やや高い,なし,石浜ふれあい館,51.95333706,139.806454 35.731301,12.7万円,5000円,12.7万円,-,2K,37.1m2,https://img01.suumo.com/front/gazo/fr/bukken/220/100378526220/100378526220_co.jpg
東京都荒川区南千住３,東京都,荒川区,139.807022,35.731232,レジディア南千住,東京メトロ日比谷線/南千住駅,,,歩9分,ＪＲ常磐線/南千住駅,,,歩9分,つくばエクスプレス/南千住駅,,,歩9分,https://img01.suumo.com/front/gazo/fr/bukken/320/100299923320/100299923320_gw.jpg,0.9,3.0～5.0ｍ未満,揺れやすい,やや高い,なし,石浜ふれあい館,51.95333706,139.806454 35.731301,16.5万円,10000円,16.5万円,-,2LDK,55.08m2,https://img01.suumo.com/front/gazo/fr/bukken/117/100352711117/100352711117_co.jpg
東京都荒川区南千住３,東京都,荒川区,139.807022,35.731232,レジディア南千住,東京メトロ日比谷線/南千住駅,,,歩9分,ＪＲ常磐線/南千住駅,,,歩9分,つくばエクスプレス/南千住駅,,,歩9分,https://img01.suumo.com/front/gazo/fr/bukken/320/100299923320/100299923320_gw.jpg,0.9,3.0～5.0ｍ未満,揺れやすい,やや高い,なし,石浜ふれあい館,51.95333706,139.806454 35.731301,17万円,10000円,17万円,17万円,2LDK,55.08m2,https://img01.suumo.com/front/gazo/fr/bukken/320/100299923320/100299923320_co.jpg
東京都荒川区南千住３,東京都,荒川区,139.807022,35.731232,レジディア南千住,東京メトロ日比谷線/南千住駅,,,歩9分,ＪＲ常磐線/南千住駅,,,歩9分,つくばエクスプレス/南千住駅,,,歩9分,https://img01.suumo.com/front/gazo/fr/bukken/320/100299923320/100299923320_gw.jpg,0.9,3.0～5.0ｍ未満,揺れやすい,やや高い,なし,石浜ふれあい館,51.95333706,139.806454 35.731301,17.2万円,10000円,17.2万円,17.2万円,2LDK,55.08m2,https://img01.suumo.com/front/gazo/fr/bukken/833/100374350833/100374350833_co.jpg
東京都荒川区南千住３,東京都,荒川区,139.807022,35.731232,レジディア南千住,東京メトロ日比谷線/南千住駅,,,歩9分,ＪＲ常磐線/南千住駅,,,歩9分,つくばエクスプレス/南千住駅,,,歩9分,https://img01.suumo.com/front/gazo/fr/bukken/320/100299923320/100299923320_gw.jpg,0.9,3.0～5.0ｍ未満,揺れやすい,やや高い,なし,石浜ふれあい館,51.95333706,139.806454 35.731301,18万円,10000円,18万円,18万円,2LDK,64.9m2,https://img01.suumo.com/front/gazo/fr/bukken/948/100348048948/100348048948_co.jpg
東京都荒川区南千住３,東京都,荒川区,139.807022,35.731232,レジディア南千住,東京メトロ日比谷線/南千住駅,,,歩9分,ＪＲ常磐線/南千住駅,,,歩9分,つくばエクスプレス/南千住駅,,,歩9分,https://img01.suumo.com/front/gazo/fr/bukken/320/100299923320/100299923320_gw.jpg,0.9,3.0～5.0ｍ未満,揺れやすい,やや高い,なし,石浜ふれあい館,51.95333706,139.806454 35.731301,18.2万円,10000円,18.2万円,18.2万円,3LDK,55.08m2,https://img01.suumo.com/front/gazo/fr/bukken/311/100371477311/100371477311_co.jpg
東京都荒川区南千住３,東京都,荒川区,139.807022,35.731232,レジディア南千住,東京メトロ日比谷線/南千住駅,,,歩9分,ＪＲ常磐線/南千住駅,,,歩9分,つくばエクスプレス/南千住駅,,,歩9分,https://img01.suumo.com/front/gazo/fr/bukken/320/100299923320/100299923320_gw.jpg,0.9,3.0～5.0ｍ未満,揺れやすい,やや高い,なし,石浜ふれあい館,51.95333706,139.806454 35.731301,18.4万円,10000円,18.4万円,18.4万円,2LDK,58.62m2,https://img01.suumo.com/front/gazo/fr/bukken/996/100280999996/100280999996_co.jpg
東京都荒川区南千住３,東京都,荒川区,139.807022,35.731232,レジディア南千住,東京メトロ日比谷線/南千住駅,,,歩9分,ＪＲ常磐線/南千住駅,,,歩9分,つくばエクスプレス/南千住駅,,,歩9分,https://img01.suumo.com/front/gazo/fr/bukken/320/100299923320/100299923320_gw.jpg,0.9,3.0～5.0ｍ未満,揺れやすい,やや高い,なし,石浜ふれあい館,51.95333706,139.806454 35.731301,18.7万円,10000円,18.7万円,18.7万円,2LDK,64.9m2,https://img01.suumo.com/front/gazo/fr/bukken/908/100362238908/100362238908_co.jpg
東京都荒川区南千住３,東京都,荒川区,139.807022,35.731232,レジディア南千住,東京メトロ日比谷線/南千住駅,,,歩9分,ＪＲ常磐線/南千住駅,,,歩9分,つくばエクスプレス/南千住駅,,,歩9分,https://img01.suumo.com/front/gazo/fr/bukken/320/100299923320/100299923320_gw.jpg,0.9,3.0～5.0ｍ未満,揺れやすい,やや高い,なし,石浜ふれあい館,51.95333706,139.806454 35.731301,18.8万円,10000円,18.8万円,18.8万円,2LDK,64.9m2,https://img01.suumo.com/front/gazo/fr/bukken/908/100378577908/100378577908_co.jpg
東京都荒川区南千住３,東京都,荒川区,139.807022,35.731232,レジディア南千住,東京メトロ日比谷線/南千住駅,,,歩9分,ＪＲ常磐線/南千住駅,,,歩9分,つくばエクスプレス/南千住駅,,,歩9分,https://img01.suumo.com/front/gazo/fr/bukken/320/100299923320/100299923320_gw.jpg,0.9,3.0～5.0ｍ未満,揺れやすい,やや高い,なし,石浜ふれあい館,51.95333706,139.806454 35.731301,19万円,10000円,19万円,-,2LDK,64.9m2,https://img01.suumo.com/front/gazo/fr/bukken/769/100374350769/100374350769_co.jpg
東京都荒川区南千住３,東京都,荒川区,139.807022,35.731232,レジディア南千住,東京メトロ日比谷線/南千住駅,,,歩9分,ＪＲ常磐線/南千住駅,,,歩9分,つくばエクスプレス/南千住駅,,,歩9分,https://img01.suumo.com/front/gazo/fr/bukken/320/100299923320/100299923320_gw.jpg,0.9,3.0～5.0ｍ未満,揺れやすい,やや高い,なし,石浜ふれあい館,51.95333706,139.806454 35.731301,19万円,10000円,19万円,19万円,3LDK,60.42m2,https://img01.suumo.com/front/gazo/fr/bukken/348/100379195348/100379195348_co.jpg
東京都荒川区南千住３,東京都,荒川区,139.807022,35.731232,レジディア南千住,東京メトロ日比谷線/南千住駅,,,歩9分,ＪＲ常磐線/南千住駅,,,歩9分,つくばエクスプレス/南千住駅,,,歩9分,https://img01.suumo.com/front/gazo/fr/bukken/320/100299923320/100299923320_gw.jpg,0.9,3.0～5.0ｍ未満,揺れやすい,やや高い,なし,石浜ふれあい館,51.95333706,139.806454 35.731301,19.3万円,10000円,19.3万円,19.3万円,2LDK,64.9m2,https://img01.suumo.com/front/gazo/fr/bukken/098/100378559098/100378559098_co.jpg
東京都荒川区南千住３,東京都,荒川区,139.807022,35.731232,レジディア南千住,東京メトロ日比谷線/南千住駅,,,歩9分,ＪＲ常磐線/南千住駅,,,歩9分,つくばエクスプレス/南千住駅,,,歩9分,https://img01.suumo.com/front/gazo/fr/bukken/320/100299923320/100299923320_gw.jpg,0.9,3.0～5.0ｍ未満,揺れやすい,やや高い,なし,石浜ふれあい館,51.95333706,139.806454 35.731301,20.6万円,10000円,20.6万円,-,3LDK,64.9m2,https://img01.suumo.com/front/gazo/fr/bukken/570/100370170570/100370170570_co.jpg
東京都荒川区南千住３,東京都,荒川区,139.807022,35.731232,レジディア南千住,東京メトロ日比谷線/南千住駅,,,歩9分,ＪＲ常磐線/南千住駅,,,歩9分,つくばエクスプレス/南千住駅,,,歩9分,https://img01.suumo.com/front/gazo/fr/bukken/320/100299923320/100299923320_gw.jpg,0.9,3.0～5.0ｍ未満,揺れやすい,やや高い,なし,石浜ふれあい館,51.95333706,139.806454 35.731301,21万円,10000円,21万円,21万円,3LDK,69.3m2,https://img01.suumo.com/front/gazo/fr/bukken/395/100377246395/100377246395_co.jpg
東京都荒川区南千住３,東京都,荒川区,139.807022,35.731232,レジディア南千住,東京メトロ日比谷線/南千住駅,,,歩9分,ＪＲ常磐線/南千住駅,,,歩9分,つくばエクスプレス/南千住駅,,,歩9分,https://img01.suumo.com/front/gazo/fr/bukken/320/100299923320/100299923320_gw.jpg,0.9,3.0～5.0ｍ未満,揺れやすい,やや高い,なし,石浜ふれあい館,51.95333706,139.806454 35.731301,21万円,10000円,21万円,-,3LDK,64.9m2,https://img01.suumo.com/front/gazo/fr/bukken/930/100375108930/100375108930_co.jpg
東京都荒川区南千住３,東京都,荒川区,139.807022,35.731232,レジディア南千住,東京メトロ日比谷線/南千住駅,,,歩9分,ＪＲ常磐線/南千住駅,,,歩9分,つくばエクスプレス/南千住駅,,,歩9分,https://img01.suumo.com/front/gazo/fr/bukken/320/100299923320/100299923320_gw.jpg,0.9,3.0～5.0ｍ未満,揺れやすい,やや高い,なし,石浜ふれあい館,51.95333706,139.806454 35.731301,22万円,10000円,22万円,22万円,3LDK,69.3m2,https://img01.suumo.com/front/gazo/fr/bukken/307/100377742307/100377742307_co.jpg
東京都荒川区東日暮里５,東京都,荒川区,139.776245,35.726669,IXO東日暮里,ＪＲ山手線/日暮里駅,,,歩6分,ＪＲ常磐線/三河島駅,,,歩9分,ＪＲ山手線/西日暮里駅,,,歩14分,https://img01.suumo.com/front/gazo/fr/bukken/581/100379422581/100379422581_gw.jpg,3.9,0.5～3.0ｍ未満,中程度,やや高い,なし,竹台高等学校,157.05260929,139.777845 35.72612,8.5万円,7000円,-,-,ワンルーム,18.02m2,https://img01.suumo.com/front/gazo/fr/bukken/581/100379422581/100379422581_co.jpg
東京都荒川区南千住６,東京都,荒川区,139.792831,35.737923,ササラ,京成本線/千住大橋駅,,,歩9分,ＪＲ常磐線/南千住駅,,,歩11分,東京メトロ日比谷線/三ノ輪駅,,,歩15分,https://img01.suumo.com/front/gazo/fr/bukken/282/100377132282/100377132282_gw.jpg,2.6,0.5～3.0ｍ未満,揺れやすい,やや高い,なし,荒川工業高等学校,75.3875899,139.7922648 35.73742445,14.1万円,7000円,14.1万円,14.1万円,2LDK,59.69m2,https://img01.suumo.com/front/gazo/fr/bukken/484/100378515484/100378515484_co.jpg
東京都荒川区南千住６,東京都,荒川区,139.792831,35.737923,ササラ,京成本線/千住大橋駅,,,歩9分,ＪＲ常磐線/南千住駅,,,歩11分,東京メトロ日比谷線/三ノ輪駅,,,歩15分,https://img01.suumo.com/front/gazo/fr/bukken/282/100377132282/100377132282_gw.jpg,2.6,0.5～3.0ｍ未満,揺れやすい,やや高い,なし,荒川工業高等学校,75.3875899,139.7922648 35.73742445,17万円,11000円,17万円,17万円,2LDK,53.88m2,https://img01.suumo.com/front/gazo/fr/bukken/282/100377132282/100377132282_co.jpg
東京都荒川区南千住６,東京都,荒川区,139.792831,35.737923,ササラ,京成本線/千住大橋駅,,,歩9分,ＪＲ常磐線/南千住駅,,,歩11分,東京メトロ日比谷線/三ノ輪駅,,,歩15分,https://img01.suumo.com/front/gazo/fr/bukken/282/100377132282/100377132282_gw.jpg,2.6,0.5～3.0ｍ未満,揺れやすい,やや高い,なし,荒川工業高等学校,75.3875899,139.7922648 35.73742445,19万円,11000円,14.1万円,19万円,2LDK,59.69m2,https://img01.suumo.com/front/gazo/fr/bukken/168/100378701168/100378701168_co.jpg
東京都葛飾区堀切５,東京都,葛飾区,139.830124,35.749397,Owl 堀切,京成本線/堀切菖蒲園駅,,,歩7分,京成本線/お花茶屋駅,,,歩11分,ＪＲ常磐線/綾瀬駅,バス11分,(バス停)堀切五丁目,(バス停)堀切五丁目,https://img01.suumo.com/front/gazo/fr/bukken/258/100366901258/100366901258_gw.jpg,-0.7,3.0～5.0ｍ未満,揺れやすい,やや高い,なし,小菅東スポーツ公園,837.22689226,139.8223576 35.75350278,6.3万円,3000円,-,-,1K,20.04m2,https://img01.suumo.com/front/gazo/fr/bukken/680/100379186680/100379186680_co.jpg
東京都葛飾区堀切５,東京都,葛飾区,139.830124,35.749397,Owl 堀切,京成本線/堀切菖蒲園駅,,,歩7分,京成本線/お花茶屋駅,,,歩11分,ＪＲ常磐線/綾瀬駅,バス11分,(バス停)堀切五丁目,(バス停)堀切五丁目,https://img01.suumo.com/front/gazo/fr/bukken/258/100366901258/100366901258_gw.jpg,-0.7,3.0～5.0ｍ未満,揺れやすい,やや高い,なし,小菅東スポーツ公園,837.22689226,139.8223576 35.75350278,6.8万円,6000円,-,-,1K,20m2,https://img01.suumo.com/front/gazo/fr/bukken/258/100366901258/100366901258_co.jpg
東京都葛飾区宝町２,東京都,葛飾区,139.836838,35.745975,京成本線 お花茶屋駅 7階建 築2年,京成本線/お花茶屋駅,,,歩9分,東武伊勢崎線/堀切駅,,,歩25分,京成押上線/京成立石駅,,,歩26分,https://img01.suumo.com/front/gazo/fr/bukken/691/100368680691/100368680691_gw.jpg,-0.2,3.0～5.0ｍ未満,揺れやすい,やや高い,なし,区役所・青戸団地一帯,1341.95923475,139.8516121 35.74708096,6.9万円,10000円,6.9万円,-,1K,20.88m2,https://img01.suumo.com/front/gazo/fr/bukken/691/100368680691/100368680691_co.jpg
東京都葛飾区宝町２,東京都,葛飾区,139.836838,35.745975,京成本線 お花茶屋駅 7階建 築2年,京成本線/お花茶屋駅,,,歩9分,東武伊勢崎線/堀切駅,,,歩25分,京成押上線/京成立石駅,,,歩26分,https://img01.suumo.com/front/gazo/fr/bukken/691/100368680691/100368680691_gw.jpg,-0.2,3.0～5.0ｍ未満,揺れやすい,やや高い,なし,区役所・青戸団地一帯,1341.95923475,139.8516121 35.74708096,7.1万円,10000円,-,-,1K,20.88m2,https://img01.suumo.com/front/gazo/fr/bukken/513/100348111513/100348111513_co.jpg
東京都足立区西加平２,東京都,足立区,139.820023,35.780117,コンフォート六町,つくばエクスプレス/六町駅,,,歩6分,ＪＲ常磐線/綾瀬駅,バス16分,(バス停)西加平,(バス停)西加平,つくばエクスプレス/青井駅,,,歩15分,https://img01.suumo.com/front/gazo/fr/bukken/594/100379233594/100379233594_gw.jpg,0.2,3.0～5.0ｍ未満,揺れやすい,やや高い,なし,区立青井小中学校・都営青井三丁目アパート一帯,567.72592399,139.819818 35.775003,8万円,5000円,8万円,-,1K,26.54m2,https://img01.suumo.com/front/gazo/fr/bukken/597/100379233597/100379233597_co.jpg
東京都足立区西加平２,東京都,足立区,139.820023,35.780117,コンフォート六町,つくばエクスプレス/六町駅,,,歩6分,ＪＲ常磐線/綾瀬駅,バス16分,(バス停)西加平,(バス停)西加平,つくばエクスプレス/青井駅,,,歩15分,https://img01.suumo.com/front/gazo/fr/bukken/594/100379233594/100379233594_gw.jpg,0.2,3.0～5.0ｍ未満,揺れやすい,やや高い,なし,区立青井小中学校・都営青井三丁目アパート一帯,567.72592399,139.819818 35.775003,9.7万円,6000円,9.7万円,-,1LDK,39.15m2,https://img01.suumo.com/front/gazo/fr/bukken/594/100379233594/100379233594_co.jpg
東京都荒川区西日暮里３,東京都,荒川区,139.766663,35.729725,ＪＲ山手線 西日暮里駅 3階建 築9年,ＪＲ山手線/西日暮里駅,,,歩3分,ＪＲ京浜東北線/日暮里駅,,,歩7分,東京メトロ千代田線/千駄木駅,,,歩11分,https://img01.suumo.com/front/gazo/fr/bukken/996/100379395996/100379395996_gw.jpg,10.1,-,中程度,非常に低い,なし,諏訪台ひろば館,83.93923048,139.767582 35.729621,9.4万円,3000円,9.4万円,14.1万円,1K,27.52m2,https://img01.suumo.com/front/gazo/fr/bukken/996/100379395996/100379395996_co.jpg
東京都荒川区西日暮里３,東京都,荒川区,139.766663,35.729725,ＪＲ山手線 西日暮里駅 3階建 築9年,ＪＲ山手線/西日暮里駅,,,歩3分,ＪＲ京浜東北線/日暮里駅,,,歩7分,東京メトロ千代田線/千駄木駅,,,歩11分,https://img01.suumo.com/front/gazo/fr/bukken/996/100379395996/100379395996_gw.jpg,10.1,-,中程度,非常に低い,なし,諏訪台ひろば館,83.93923048,139.767582 35.729621,14.8万円,3000円,7.4万円,22.2万円,1LDK,49.32m2,https://img01.suumo.com/front/gazo/fr/bukken/137/100372734137/100372734137_co.jpg
